"name","race","gender","callback","callback_n","n","study","age"
"aisha","Black","Female",0.0222222222222222,4,180,"bertrand",NA
"allison","White","Female",0.0948275862068965,22,232,"bertrand",NA
"anne","White","Female",0.0826446280991736,20,242,"bertrand",NA
"brad","White","Male",0.158730158730159,10,63,"bertrand",NA
"brendan","White","Male",0.0769230769230769,5,65,"bertrand",NA
"brett","White","Male",0.0677966101694915,4,59,"bertrand",NA
"carrie","White","Female",0.130952380952381,22,168,"bertrand",NA
"darnell","Black","Male",0.0476190476190476,2,42,"bertrand",NA
"ebony","Black","Female",0.0961538461538462,20,208,"bertrand",NA
"emily","White","Female",0.079295154185022,18,227,"bertrand",NA
"geoffrey","White","Male",0.0677966101694915,4,59,"bertrand",NA
"greg","White","Male",0.0784313725490196,4,51,"bertrand",NA
"hakim","Black","Male",0.0545454545454545,3,55,"bertrand",NA
"jamal","Black","Male",0.0655737704918033,4,61,"bertrand",NA
"jay","White","Male",0.134328358208955,9,67,"bertrand",NA
"jermaine","Black","Male",0.0961538461538462,5,52,"bertrand",NA
"jill","White","Female",0.083743842364532,17,203,"bertrand",NA
"kareem","Black","Male",0.046875,3,64,"bertrand",NA
"keisha","Black","Female",0.0382513661202186,7,183,"bertrand",NA
"kenya","Black","Female",0.086734693877551,17,196,"bertrand",NA
"kristen","White","Female",0.131455399061033,28,213,"bertrand",NA
"lakisha","Black","Female",0.055,11,200,"bertrand",NA
"latonya","Black","Female",0.091304347826087,21,230,"bertrand",NA
"latoya","Black","Female",0.084070796460177,19,226,"bertrand",NA
"laurie","White","Female",0.0974358974358974,19,195,"bertrand",NA
"leroy","Black","Male",0.09375,6,64,"bertrand",NA
"matthew","White","Male",0.0895522388059701,6,67,"bertrand",NA
"meredith","White","Female",0.101604278074866,19,187,"bertrand",NA
"neil","White","Male",0.0657894736842105,5,76,"bertrand",NA
"rasheed","Black","Male",0.0298507462686567,2,67,"bertrand",NA
"sarah","White","Female",0.0984455958549223,19,193,"bertrand",NA
"tamika","Black","Female",0.0546875,14,256,"bertrand",NA
"tanisha","Black","Female",0.0579710144927536,12,207,"bertrand",NA
"todd","White","Male",0.0588235294117647,4,68,"bertrand",NA
"tremayne","Black","Male",0.0434782608695652,3,69,"bertrand",NA
"tyrone","Black","Male",0.0533333333333333,4,75,"bertrand",NA
"angela","White","Female",0.135818908122503,102,777,"farber",33
"donna","White","Female",0.112727272727273,93,851,"farber",27
"heather","White","Female",0.116751269035533,92,812,"farber",34
"janice","White","Female",0.0960757780784844,71,752,"farber",51
"jennifer","White","Female",0.141304347826087,104,761,"farber",42
"joan","White","Female",0.0959885386819484,67,718,"farber",60
"lauren","White","Female",0.106544901065449,70,709,"farber",23
"linda","White","Female",0.12532637075718,96,783,"farber",52
"mary","White","Female",0.10195530726257,73,745,"farber",61
"rose","White","Female",0.106842737094838,89,860,"farber",28
"shannon","White","Female",0.108225108225108,75,715,"farber",43
"susan","White","Female",0.0817790530846485,57,757,"farber",23
"adam","White","Male",0.26186943620178,353,1348,"kline",NA
"aisha","Black","Female",0.245508982035928,205,835,"kline",NA
"allison","White","Female",0.261818181818182,216,825,"kline",NA
"amanda","White","Female",0.260015117157974,344,1323,"kline",NA
"amy","White","Female",0.260772659732541,351,1346,"kline",NA
"anne","White","Female",0.263990267639903,217,822,"kline",NA
"antwan","Black","Male",0.248689138576779,332,1335,"kline",NA
"brad","White","Male",0.246768507638073,210,851,"kline",NA
"bradley","White","Male",0.238636363636364,315,1320,"kline",NA
"brendan","White","Male",0.258992805755396,216,834,"kline",NA
"brett","White","Male",0.252347417840376,215,852,"kline",NA
"carrie","White","Female",0.248815165876777,210,844,"kline",NA
"chad","White","Male",0.253720238095238,341,1344,"kline",NA
"darnell","Black","Male",0.243636363636364,201,825,"kline",NA
"donnell","Black","Male",0.236646884272997,319,1348,"kline",NA
"ebony","Black","Female",0.222485207100592,188,845,"kline",NA
"emily","White","Female",0.256658595641647,212,826,"kline",NA
"erin","White","Female",0.24132730015083,320,1326,"kline",NA
"geoffrey","White","Male",0.212514757969303,180,847,"kline",NA
"greg","White","Male",0.23905325443787,202,845,"kline",NA
"hakim","Black","Male",0.242460796139928,201,829,"kline",NA
"heather","White","Female",0.275862068965517,376,1363,"kline",NA
"jacob","White","Male",0.250944822373394,332,1323,"kline",NA
"jamal","Black","Male",0.232779097387173,196,842,"kline",NA
"jason","White","Male",0.24251497005988,324,1336,"kline",NA
"jay","White","Male",0.252681764004768,212,839,"kline",NA
"jennifer","White","Female",0.243060765191298,324,1333,"kline",NA
"jeremy","White","Male",0.257609502598367,347,1347,"kline",NA
"jermaine","Black","Male",0.238717339667458,201,842,"kline",NA
"jill","White","Female",0.239808153477218,200,834,"kline",NA
"joshua","White","Male",0.235080058224163,323,1374,"kline",NA
"julie","White","Female",0.240754716981132,319,1325,"kline",NA
"justin","White","Male",0.228613569321534,310,1356,"kline",NA
"kareem","Black","Male",0.246060606060606,203,825,"kline",NA
"keisha","Black","Female",0.243341404358354,201,826,"kline",NA
"kenya","Black","Female",0.217494089834515,184,846,"kline",NA
"kristen","White","Female",0.264173703256936,219,829,"kline",NA
"lakeisha","Black","Female",0.219771863117871,289,1315,"kline",NA
"lakesha","Black","Female",0.227744807121662,307,1348,"kline",NA
"lakisha","Black","Female",0.216056670602125,183,847,"kline",NA
"lamar","Black","Male",0.213859910581222,287,1342,"kline",NA
"lamont","Black","Male",0.230998509687034,310,1342,"kline",NA
"lashonda","Black","Female",0.225975975975976,301,1332,"kline",NA
"latasha","Black","Female",0.234808702175544,313,1333,"kline",NA
"latisha","Black","Female",0.211480362537764,280,1324,"kline",NA
"latonya","Black","Female",0.233890214797136,196,838,"kline",NA
"latoya","Black","Female",0.208830548926014,175,838,"kline",NA
"laurie","White","Female",0.269185360094451,228,847,"kline",NA
"lawanda","Black","Female",0.210644677661169,281,1334,"kline",NA
"leroy","Black","Male",0.225572979493365,187,829,"kline",NA
"lori","White","Female",0.247583643122677,333,1345,"kline",NA
"marquis","Black","Male",0.231107850330154,315,1363,"kline",NA
"matthew","White","Male",0.25177304964539,213,846,"kline",NA
"maurice","Black","Male",0.217325227963526,286,1316,"kline",NA
"meredith","White","Female",0.242424242424242,200,825,"kline",NA
"misty","White","Female",0.281763826606876,377,1338,"kline",NA
"nathan","White","Male",0.247781065088757,335,1352,"kline",NA
"neil","White","Male",0.255924170616114,216,844,"kline",NA
"patrice","Black","Female",0.246290801186944,332,1348,"kline",NA
"rasheed","Black","Male",0.236533957845433,202,854,"kline",NA
"rebecca","White","Female",0.246646795827124,331,1342,"kline",NA
"reginald","Black","Male",0.2271714922049,306,1347,"kline",NA
"roderick","Black","Male",0.227913882702301,307,1347,"kline",NA
"sarah","White","Female",0.2647412755716,220,831,"kline",NA
"scott","White","Male",0.255007704160247,331,1298,"kline",NA
"susan","White","Female",0.23168908819133,310,1338,"kline",NA
"tameka","Black","Female",0.213859910581222,287,1342,"kline",NA
"tamika","Black","Female",0.216056670602125,183,847,"kline",NA
"tanisha","Black","Female",0.264812575574365,219,827,"kline",NA
"tawanda","Black","Female",0.233658903080391,311,1331,"kline",NA
"terrance","Black","Male",0.250944822373394,332,1323,"kline",NA
"terrell","Black","Male",0.236173393124066,316,1338,"kline",NA
"todd","White","Male",0.245421245421245,201,819,"kline",NA
"tomeka","Black","Female",0.229024943310658,303,1323,"kline",NA
"tremayne","Black","Male",0.235154394299287,198,842,"kline",NA
"tyrone","Black","Male",0.217183770883055,182,838,"kline",NA
"abigail","White","Female",0.208333333333333,0.208333333333333,72,"neumark",29
"abigail","White","Female",0.186440677966102,0.186440677966102,59,"neumark",30
"abigail","White","Female",0.171428571428571,0.171428571428571,175,"neumark",31
"abigale","White","Female",0,0,2,"neumark",29
"alexander","White","Female",0,0,2,"neumark",29
"alexander","White","Male",0.157894736842105,0.157894736842105,19,"neumark",29
"alexander","White","Male",0.304347826086957,0.304347826086957,23,"neumark",30
"alexander","White","Male",0.266666666666667,0.266666666666667,15,"neumark",31
"alexis","White","Female",0.139240506329114,0.139240506329114,158,"neumark",29
"alexis","White","Female",0.206349206349206,0.206349206349206,63,"neumark",30
"alexis","White","Female",0.157303370786517,0.157303370786517,178,"neumark",31
"alyssa","White","Female",0.213592233009709,0.213592233009709,103,"neumark",29
"alyssa","White","Female",0.164772727272727,0.164772727272727,176,"neumark",30
"alyssa","White","Female",0.0654205607476635,0.0654205607476635,107,"neumark",31
"amanda","White","Female",0.303030303030303,0.303030303030303,66,"neumark",29
"amanda","White","Female",0.13953488372093,0.13953488372093,43,"neumark",30
"amanda","White","Female",0.222222222222222,0.222222222222222,9,"neumark",31
"amanda","White","Female",0.0909090909090909,0.0909090909090909,88,"neumark",64
"amanda","White","Female",0.0588235294117647,0.0588235294117647,68,"neumark",65
"amanda","White","Female",0.25,0.25,32,"neumark",66
"amber","White","Female",0.12962962962963,0.12962962962963,54,"neumark",29
"amber","White","Female",0.176991150442478,0.176991150442478,113,"neumark",30
"amber","White","Female",0.102272727272727,0.102272727272727,88,"neumark",31
"amy","White","Female",0.2,0.2,45,"neumark",29
"amy","White","Female",0.160919540229885,0.160919540229885,87,"neumark",30
"amy","White","Female",0.16,0.16,100,"neumark",31
"amy","White","Female",0.0571428571428571,0.0571428571428571,35,"neumark",64
"amy","White","Female",0.101449275362319,0.101449275362319,69,"neumark",65
"amy","White","Female",0.109489051094891,0.109489051094891,137,"neumark",66
"andrew","White","Female",0,0,2,"neumark",29
"andrew","White","Male",0.3,0.3,60,"neumark",29
"andrew","White","Male",0.208333333333333,0.208333333333333,48,"neumark",30
"andrew","White","Female",0,0,4,"neumark",31
"andrew","White","Male",0.207547169811321,0.207547169811321,53,"neumark",31
"angela","White","Female",0.100840336134454,0.100840336134454,119,"neumark",49
"angela","White","Female",0.075187969924812,0.075187969924812,133,"neumark",50
"angela","White","Female",0.115577889447236,0.115577889447236,199,"neumark",51
"angela","White","Female",0.0638297872340425,0.0638297872340425,94,"neumark",64
"angela","White","Female",0.0882352941176471,0.0882352941176471,102,"neumark",65
"angela","White","Female",0.2,0.2,5,"neumark",66
"anthony","White","Male",0.270833333333333,0.270833333333333,48,"neumark",29
"anthony","White","Male",0.278571428571429,0.278571428571429,140,"neumark",30
"anthony","White","Male",0.131578947368421,0.131578947368421,38,"neumark",31
"ashley","White","Female",0.136986301369863,0.136986301369863,73,"neumark",29
"ashley","White","Female",0.113636363636364,0.113636363636364,88,"neumark",30
"ashley","White","Female",0.152777777777778,0.152777777777778,144,"neumark",31
"austin","White","Female",0,0,2,"neumark",29
"austin","White","Male",0.411764705882353,0.411764705882353,17,"neumark",29
"austin","White","Male",0.268817204301075,0.268817204301075,93,"neumark",30
"austin","White","Male",0.290909090909091,0.290909090909091,55,"neumark",31
"ava","White","Female",0.167567567567568,0.167567567567568,185,"neumark",29
"ava","White","Female",0.0943396226415094,0.0943396226415094,53,"neumark",30
"ava","White","Female",0.129411764705882,0.129411764705882,85,"neumark",31
"babara","White","Female",0.0666666666666667,0.0666666666666667,15,"neumark",64
"barbara","White","Female",0.230769230769231,0.230769230769231,26,"neumark",49
"barbara","White","Female",0.0793650793650794,0.0793650793650794,126,"neumark",50
"barbara","White","Female",0.172043010752688,0.172043010752688,93,"neumark",51
"barbara","White","Female",0.15,0.15,40,"neumark",64
"barbara","White","Female",0.196078431372549,0.196078431372549,51,"neumark",65
"barbara","White","Female",0.1,0.1,20,"neumark",66
"betty","White","Female",0.0692307692307692,0.0692307692307692,130,"neumark",64
"betty","White","Female",0.0684931506849315,0.0684931506849315,146,"neumark",65
"betty","White","Female",0.156521739130435,0.156521739130435,115,"neumark",66
"brandom","White","Male",0,0,2,"neumark",31
"brandon","White","Male",0.454545454545455,0.454545454545455,11,"neumark",29
"brandon","White","Male",0.256410256410256,0.256410256410256,39,"neumark",30
"brandon","White","Male",0.12,0.12,25,"neumark",31
"brenda","White","Female",0.0769230769230769,0.0769230769230769,117,"neumark",49
"brenda","White","Female",0.0701754385964912,0.0701754385964912,114,"neumark",50
"brenda","White","Female",0.0769230769230769,0.0769230769230769,130,"neumark",51
"brenda","White","Female",0.0481927710843374,0.0481927710843374,83,"neumark",64
"brenda","White","Female",0.0540540540540541,0.0540540540540541,74,"neumark",65
"brenda","White","Female",0.0263157894736842,0.0263157894736842,38,"neumark",66
"brian","White","Male",0.243243243243243,0.243243243243243,37,"neumark",29
"brian","White","Male",0.178571428571429,0.178571428571429,28,"neumark",30
"brian","White","Male",0.192982456140351,0.192982456140351,57,"neumark",31
"brian","White","Male",0.244444444444444,0.244444444444444,45,"neumark",49
"brian","White","Male",0.391304347826087,0.391304347826087,23,"neumark",50
"brian","White","Male",0.189655172413793,0.189655172413793,58,"neumark",51
"brian","White","Female",0,0,4,"neumark",64
"brian","White","Male",0.153846153846154,0.153846153846154,52,"neumark",64
"brian","White","Female",0,0,1,"neumark",65
"brian","White","Male",0.4,0.4,10,"neumark",65
"brian","White","Male",0.257142857142857,0.257142857142857,35,"neumark",66
"brianna","White","Female",0.208333333333333,0.208333333333333,24,"neumark",29
"brianna","White","Female",0.128205128205128,0.128205128205128,39,"neumark",30
"brianna","White","Female",0.111111111111111,0.111111111111111,99,"neumark",31
"brittany","White","Female",0.19921875,0.19921875,256,"neumark",29
"brittany","White","Female",0.269662921348315,0.269662921348315,89,"neumark",30
"brittany","White","Female",0.114285714285714,0.114285714285714,35,"neumark",31
"carol","White","Female",0.0333333333333333,0.0333333333333333,30,"neumark",64
"carol","White","Female",0.230769230769231,0.230769230769231,52,"neumark",65
"carol","White","Female",0.00900900900900901,0.00900900900900901,111,"neumark",66
"carolyn","White","Female",0.116883116883117,0.116883116883117,77,"neumark",64
"carolyn","White","Female",0.106382978723404,0.106382978723404,47,"neumark",65
"carolyn","White","Female",0.103448275862069,0.103448275862069,87,"neumark",66
"chales","White","Male",0,0,3,"neumark",51
"charles","White","Male",0.216867469879518,0.216867469879518,83,"neumark",49
"charles","White","Male",0.217948717948718,0.217948717948718,78,"neumark",50
"charles","White","Male",0.384615384615385,0.384615384615385,39,"neumark",51
"charles","White","Male",0.2,0.2,35,"neumark",64
"charles","White","Male",0.125,0.125,80,"neumark",65
"charles","White","Male",0.0833333333333333,0.0833333333333333,12,"neumark",66
"cheryl","White","Female",0.0638297872340425,0.0638297872340425,94,"neumark",49
"cheryl","White","Female",0.0779220779220779,0.0779220779220779,231,"neumark",50
"cheryl","White","Female",0.117370892018779,0.117370892018779,213,"neumark",51
"cheryl","White","Female",0.0469798657718121,0.0469798657718121,149,"neumark",64
"cheryl","White","Female",0.134328358208955,0.134328358208955,67,"neumark",65
"cheryl","White","Female",0.311111111111111,0.311111111111111,45,"neumark",66
"chloe","White","Female",0.0909090909090909,0.0909090909090909,33,"neumark",29
"chloe","White","Female",0.119047619047619,0.119047619047619,42,"neumark",31
"christina","White","Female",0.236111111111111,0.236111111111111,72,"neumark",29
"christina","White","Female",0.0847457627118644,0.0847457627118644,118,"neumark",30
"christina","White","Female",0.0869565217391304,0.0869565217391304,23,"neumark",31
"christina","White","Female",0.0394736842105263,0.0394736842105263,76,"neumark",64
"christina","White","Female",0.0714285714285714,0.0714285714285714,14,"neumark",65
"christina","White","Female",0.15625,0.15625,32,"neumark",66
"christine","White","Female",0.09375,0.09375,64,"neumark",64
"christine","White","Female",0.147540983606557,0.147540983606557,122,"neumark",65
"christine","White","Female",0.0289855072463768,0.0289855072463768,69,"neumark",66
"christopher","White","Female",0,0,2,"neumark",29
"christopher","White","Male",0.285714285714286,0.285714285714286,7,"neumark",29
"christopher","White","Male",0.292682926829268,0.292682926829268,41,"neumark",30
"christopher","White","Male",0.304347826086957,0.304347826086957,23,"neumark",31
"christopher","White","Male",0.229357798165138,0.229357798165138,109,"neumark",49
"christopher","White","Male",0.222222222222222,0.222222222222222,45,"neumark",50
"christopher","White","Male",0.266666666666667,0.266666666666667,75,"neumark",51
"christopher","White","Male",0.151515151515152,0.151515151515152,33,"neumark",64
"christopher","White","Male",0.209677419354839,0.209677419354839,62,"neumark",65
"christopher","White","Male",0.25,0.25,24,"neumark",66
"chritine","White","Female",0.0769230769230769,0.0769230769230769,13,"neumark",66
"chrostopher","White","Male",0.2,0.2,5,"neumark",29
"courtney","White","Female",0.12396694214876,0.12396694214876,121,"neumark",29
"courtney","White","Female",0.101604278074866,0.101604278074866,187,"neumark",30
"courtney","White","Female",0.132231404958678,0.132231404958678,121,"neumark",31
"courtney","White","Female",0.5,0.5,2,"neumark",66
"cynthia","White","Female",0.0930232558139535,0.0930232558139535,129,"neumark",49
"cynthia","White","Female",0.0471698113207547,0.0471698113207547,106,"neumark",50
"cynthia","White","Female",0.0806451612903226,0.0806451612903226,62,"neumark",51
"cynthia","White","Female",0.05,0.05,140,"neumark",64
"cynthia","White","Female",0.0869565217391304,0.0869565217391304,46,"neumark",65
"cynthia","White","Female",0.177215189873418,0.177215189873418,79,"neumark",66
"daniel","White","Male",0.283333333333333,0.283333333333333,60,"neumark",29
"daniel","White","Male",0.241935483870968,0.241935483870968,62,"neumark",30
"daniel","White","Male",0.303030303030303,0.303030303030303,66,"neumark",31
"daniel","White","Female",0,0,2,"neumark",49
"daniel","White","Male",0.295454545454545,0.295454545454545,44,"neumark",49
"daniel","White","Male",0.105263157894737,0.105263157894737,19,"neumark",50
"daniel","White","Female",0,0,1,"neumark",51
"daniel","White","Male",0.351351351351351,0.351351351351351,37,"neumark",51
"daniel","White","Female",0,0,2,"neumark",64
"daniel","White","Male",0.358490566037736,0.358490566037736,53,"neumark",64
"daniel","White","Male",0.131578947368421,0.131578947368421,38,"neumark",65
"daniel","White","Male",0,0,5,"neumark",66
"danielle","White","Female",0.127659574468085,0.127659574468085,47,"neumark",29
"danielle","White","Female",0.210526315789474,0.210526315789474,19,"neumark",30
"danielle","White","Female",0.181818181818182,0.181818181818182,66,"neumark",31
"danielle","White","Male",0,0,1,"neumark",51
"david","White","Male",0.191489361702128,0.191489361702128,47,"neumark",29
"david","White","Male",0.239130434782609,0.239130434782609,46,"neumark",30
"david","White","Male",0.222222222222222,0.222222222222222,45,"neumark",31
"david","White","Male",0.222222222222222,0.222222222222222,45,"neumark",49
"david","White","Male",0.294117647058824,0.294117647058824,34,"neumark",50
"david","White","Male",0.185185185185185,0.185185185185185,27,"neumark",51
"david","White","Male",0.434782608695652,0.434782608695652,23,"neumark",64
"david","White","Male",0.470588235294118,0.470588235294118,17,"neumark",65
"david","White","Male",0.241379310344828,0.241379310344828,29,"neumark",66
"dawn","White","Female",0.285714285714286,0.285714285714286,14,"neumark",64
"dawn","White","Female",0.2,0.2,50,"neumark",65
"dawn","White","Female",0.0786516853932584,0.0786516853932584,89,"neumark",66
"deborah","White","Female",0.19047619047619,0.19047619047619,63,"neumark",49
"deborah","White","Female",0.109677419354839,0.109677419354839,155,"neumark",50
"deborah","White","Female",0.197452229299363,0.197452229299363,157,"neumark",51
"deborah","White","Female",0.0434782608695652,0.0434782608695652,69,"neumark",64
"deborah","White","Female",0.104477611940299,0.104477611940299,134,"neumark",66
"debra","White","Female",0.170454545454545,0.170454545454545,88,"neumark",49
"debra","White","Female",0.25,0.25,28,"neumark",50
"debra","White","Female",0.0687022900763359,0.0687022900763359,131,"neumark",51
"debra","White","Female",0.0571428571428571,0.0571428571428571,105,"neumark",64
"debra","White","Female",0.2,0.2,35,"neumark",65
"debra","White","Female",0.0972222222222222,0.0972222222222222,72,"neumark",66
"dennis","White","Male",0.1,0.1,30,"neumark",64
"dennis","White","Male",0.263157894736842,0.263157894736842,19,"neumark",65
"dennis","White","Male",0.318181818181818,0.318181818181818,22,"neumark",66
"diane","White","Female",0.131147540983607,0.131147540983607,61,"neumark",64
"diane","White","Female",0.0869565217391304,0.0869565217391304,138,"neumark",65
"diane","White","Female",0.181818181818182,0.181818181818182,55,"neumark",66
"donald","White","Female",0,0,2,"neumark",49
"donald","White","Male",0.295454545454545,0.295454545454545,44,"neumark",49
"donald","White","Male",0.137931034482759,0.137931034482759,29,"neumark",50
"donald","White","Male",0.37037037037037,0.37037037037037,27,"neumark",51
"donald","White","Male",0.2,0.2,45,"neumark",64
"donald","White","Male",0.142857142857143,0.142857142857143,35,"neumark",65
"donald","White","Male",0.404761904761905,0.404761904761905,42,"neumark",66
"donna","White","Female",0.1,0.1,80,"neumark",49
"donna","White","Female",0.134020618556701,0.134020618556701,97,"neumark",50
"donna","White","Female",0.11,0.11,100,"neumark",51
"donna","White","Female",0,0,63,"neumark",64
"donna","White","Female",0.111111111111111,0.111111111111111,54,"neumark",65
"donna","White","Female",0.167883211678832,0.167883211678832,137,"neumark",66
"dorothy","White","Female",0.0898876404494382,0.0898876404494382,89,"neumark",64
"dorothy","White","Female",0.0854700854700855,0.0854700854700855,117,"neumark",65
"dorothy","White","Female",0.0977011494252874,0.0977011494252874,174,"neumark",66
"edward","White","Female",0,0,1,"neumark",64
"edward","White","Male",0.142857142857143,0.142857142857143,28,"neumark",64
"edward","White","Male",0.222222222222222,0.222222222222222,18,"neumark",65
"edward","White","Male",0.170731707317073,0.170731707317073,41,"neumark",66
"elizabeth","White","Female",0.220588235294118,0.220588235294118,68,"neumark",29
"elizabeth","White","Female",0.193548387096774,0.193548387096774,31,"neumark",30
"elizabeth","White","Female",0.121212121212121,0.121212121212121,33,"neumark",31
"elizabeth","White","Female",0.140845070422535,0.140845070422535,213,"neumark",49
"elizabeth","White","Female",0.0701754385964912,0.0701754385964912,57,"neumark",50
"elizabeth","White","Female",0.103448275862069,0.103448275862069,58,"neumark",51
"elizabeth","White","Female",0.0588235294117647,0.0588235294117647,17,"neumark",65
"elizabeth","White","Female",0.111111111111111,0.111111111111111,63,"neumark",66
"emily","White","Female",0.192771084337349,0.192771084337349,83,"neumark",29
"emily","White","Female",0.258064516129032,0.258064516129032,31,"neumark",30
"emily","White","Female",0.0784313725490196,0.0784313725490196,51,"neumark",31
"emma","White","Female",0.148148148148148,0.148148148148148,27,"neumark",29
"emma","White","Female",0.0227272727272727,0.0227272727272727,44,"neumark",30
"emma","White","Female",0.176923076923077,0.176923076923077,130,"neumark",31
"eric","White","Male",0.315789473684211,0.315789473684211,19,"neumark",64
"eric","White","Male",0.2,0.2,15,"neumark",65
"eric","White","Male",0.166666666666667,0.166666666666667,24,"neumark",66
"ethan","White","Male",0.176470588235294,0.176470588235294,34,"neumark",29
"ethan","White","Male",0.208333333333333,0.208333333333333,72,"neumark",30
"ethan","White","Male",0.23728813559322,0.23728813559322,59,"neumark",31
"frank","White","Male",0.128205128205128,0.128205128205128,39,"neumark",64
"frank","White","Male",0.0892857142857143,0.0892857142857143,56,"neumark",65
"frank","White","Male",0.428571428571429,0.428571428571429,21,"neumark",66
"gary","White","Male",0.227272727272727,0.227272727272727,44,"neumark",64
"gary","White","Male",0.0317460317460317,0.0317460317460317,63,"neumark",65
"gary","White","Male",0.212765957446809,0.212765957446809,47,"neumark",66
"george","White","Male",0.130434782608696,0.130434782608696,23,"neumark",64
"george","White","Male",0.0526315789473684,0.0526315789473684,38,"neumark",65
"george","White","Male",0.2,0.2,15,"neumark",66
"grace","White","Female",0.234848484848485,0.234848484848485,132,"neumark",29
"grace","White","Female",0.185185185185185,0.185185185185185,27,"neumark",30
"grace","White","Female",0.1875,0.1875,64,"neumark",31
"hannah","White","Female",0.180722891566265,0.180722891566265,83,"neumark",29
"hannah","White","Female",0.1875,0.1875,48,"neumark",30
"hannah","White","Female",0.217105263157895,0.217105263157895,152,"neumark",31
"heather","White","Female",0.269230769230769,0.269230769230769,26,"neumark",29
"heather","White","Female",0.177884615384615,0.177884615384615,208,"neumark",30
"heather","White","Female",0.205882352941176,0.205882352941176,68,"neumark",31
"heather","White","Female",0.142857142857143,0.142857142857143,7,"neumark",64
"heather","White","Female",0.0967741935483871,0.0967741935483871,31,"neumark",65
"heather","White","Female",0,0,13,"neumark",66
"helen","White","Female",0.114285714285714,0.114285714285714,105,"neumark",64
"helen","White","Female",0.114754098360656,0.114754098360656,61,"neumark",65
"helen","White","Female",0.0882352941176471,0.0882352941176471,34,"neumark",66
"isabella","White","Female",0.181818181818182,0.181818181818182,66,"neumark",29
"isabella","White","Female",0.146341463414634,0.146341463414634,82,"neumark",30
"isabella","White","Female",0.269230769230769,0.269230769230769,52,"neumark",31
"jacob","White","Male",0.142857142857143,0.142857142857143,21,"neumark",29
"jacob","White","Male",0.224489795918367,0.224489795918367,49,"neumark",30
"jacob","White","Male",0.27027027027027,0.27027027027027,37,"neumark",31
"james","White","Male",0.137931034482759,0.137931034482759,29,"neumark",29
"james","White","Male",0.140350877192982,0.140350877192982,57,"neumark",30
"james","White","Male",0.184782608695652,0.184782608695652,92,"neumark",31
"james","White","Male",0.277777777777778,0.277777777777778,72,"neumark",49
"james","White","Male",0.12962962962963,0.12962962962963,108,"neumark",50
"james","White","Male",0.27027027027027,0.27027027027027,74,"neumark",51
"james","White","Male",0.28,0.28,25,"neumark",64
"james","White","Male",0.125,0.125,80,"neumark",65
"james","White","Male",0.19047619047619,0.19047619047619,21,"neumark",66
"janet","White","Female",0.0810810810810811,0.0810810810810811,74,"neumark",64
"janet","White","Female",0.28,0.28,25,"neumark",65
"janet","White","Female",0.0632911392405063,0.0632911392405063,79,"neumark",66
"jason","White","Male",0.166666666666667,0.166666666666667,66,"neumark",29
"jason","White","Male",0.28,0.28,50,"neumark",30
"jason","White","Male",0.366666666666667,0.366666666666667,30,"neumark",31
"jason","White","Male",0.203389830508475,0.203389830508475,59,"neumark",64
"jason","White","Male",0.144444444444444,0.144444444444444,90,"neumark",65
"jason","White","Male",0.191489361702128,0.191489361702128,47,"neumark",66
"jeffrey","White","Male",0.204545454545455,0.204545454545455,44,"neumark",49
"jeffrey","White","Male",0.210526315789474,0.210526315789474,38,"neumark",50
"jeffrey","White","Female",0,0,1,"neumark",51
"jeffrey","White","Male",0.283783783783784,0.283783783783784,74,"neumark",51
"jeffrey","White","Male",0.245901639344262,0.245901639344262,61,"neumark",64
"jeffrey","White","Male",0.5,0.5,4,"neumark",65
"jeffrey","White","Male",0.12,0.12,25,"neumark",66
"jennifer","White","Female",0.203703703703704,0.203703703703704,54,"neumark",29
"jennifer","White","Female",0.163461538461538,0.163461538461538,104,"neumark",30
"jennifer","White","Female",0.135593220338983,0.135593220338983,59,"neumark",31
"jennifer","White","Female",0.226890756302521,0.226890756302521,119,"neumark",49
"jennifer","White","Female",0.0909090909090909,0.0909090909090909,88,"neumark",50
"jennifer","White","Female",0.128205128205128,0.128205128205128,78,"neumark",51
"jennifer","White","Female",0.12,0.12,75,"neumark",64
"jennifer","White","Female",0.111111111111111,0.111111111111111,45,"neumark",65
"jennifer","White","Female",0.024390243902439,0.024390243902439,41,"neumark",66
"jerry","White","Male",0.130434782608696,0.130434782608696,23,"neumark",64
"jerry","White","Male",0.230769230769231,0.230769230769231,52,"neumark",65
"jerry","White","Male",0.0606060606060606,0.0606060606060606,33,"neumark",66
"jessica","White","Female",0.144578313253012,0.144578313253012,83,"neumark",29
"jessica","White","Female",0.0833333333333333,0.0833333333333333,204,"neumark",30
"jessica","White","Female",0.245283018867925,0.245283018867925,53,"neumark",31
"jessica","White","Female",0.11340206185567,0.11340206185567,97,"neumark",64
"jessica","White","Female",0,0,16,"neumark",65
"jessica","White","Female",0.205128205128205,0.205128205128205,39,"neumark",66
"jilue","White","Female",0,0,4,"neumark",49
"joan","White","Female",0.0625,0.0625,96,"neumark",64
"joan","White","Female",0.0882352941176471,0.0882352941176471,68,"neumark",65
"joan","White","Female",0,0,13,"neumark",66
"john","White","Male",0.0606060606060606,0.0606060606060606,33,"neumark",29
"john","White","Female",0,0,1,"neumark",30
"john","White","Male",0.180851063829787,0.180851063829787,94,"neumark",30
"john","White","Male",0.4,0.4,20,"neumark",31
"john","White","Male",0.133333333333333,0.133333333333333,30,"neumark",49
"john","White","Male",0.163265306122449,0.163265306122449,147,"neumark",50
"john","White","Male",0.102040816326531,0.102040816326531,49,"neumark",51
"john","White","Male",0.0869565217391304,0.0869565217391304,23,"neumark",64
"john","White","Female",0,0,1,"neumark",65
"john","White","Male",0.123287671232877,0.123287671232877,73,"neumark",65
"john","White","Male",0.121495327102804,0.121495327102804,107,"neumark",66
"jonathan","White","Male",0.240506329113924,0.240506329113924,79,"neumark",29
"jonathan","White","Male",0.4,0.4,25,"neumark",30
"jonathan","White","Male",0.25531914893617,0.25531914893617,47,"neumark",31
"jonathon","White","Male",0,0,1,"neumark",29
"jonathon","White","Male",0.5,0.5,2,"neumark",30
"jonathon","White","Male",1,1,1,"neumark",31
"joseph","White","Male",0.147540983606557,0.147540983606557,61,"neumark",29
"joseph","White","Male",0.180327868852459,0.180327868852459,61,"neumark",30
"joseph","White","Male",0.5,0.5,4,"neumark",31
"joseph","White","Male",0.162790697674419,0.162790697674419,86,"neumark",49
"joseph","White","Male",0.188405797101449,0.188405797101449,69,"neumark",50
"joseph","White","Male",0.269230769230769,0.269230769230769,52,"neumark",51
"joseph","White","Male",0.171428571428571,0.171428571428571,35,"neumark",64
"joseph","White","Male",0.16,0.16,25,"neumark",65
"joseph","White","Male",0.368421052631579,0.368421052631579,19,"neumark",66
"joshua","White","Male",0.15,0.15,60,"neumark",29
"joshua","White","Male",0.277777777777778,0.277777777777778,18,"neumark",30
"joshua","White","Female",0,0,2,"neumark",31
"joshua","White","Male",0.333333333333333,0.333333333333333,33,"neumark",31
"joyce","White","Female",0.0506329113924051,0.0506329113924051,79,"neumark",64
"joyce","White","Female",0,0,13,"neumark",65
"joyce","White","Female",0.0666666666666667,0.0666666666666667,45,"neumark",66
"judith","White","Female",0.102189781021898,0.102189781021898,137,"neumark",64
"judith","White","Female",0.142857142857143,0.142857142857143,7,"neumark",65
"judith","White","Female",0.043010752688172,0.043010752688172,93,"neumark",66
"judy","White","Female",0.0656934306569343,0.0656934306569343,137,"neumark",64
"judy","White","Female",0.032967032967033,0.032967032967033,91,"neumark",65
"judy","White","Female",0.0983606557377049,0.0983606557377049,61,"neumark",66
"julia","White","Female",0.5,0.5,2,"neumark",50
"julie","White","Female",0.219178082191781,0.219178082191781,73,"neumark",49
"julie","White","Female",0.126126126126126,0.126126126126126,111,"neumark",50
"julie","White","Female",0.141176470588235,0.141176470588235,85,"neumark",51
"julie","White","Female",0.109489051094891,0.109489051094891,137,"neumark",64
"julie","White","Female",0.310344827586207,0.310344827586207,29,"neumark",65
"justin","White","Male",0.177777777777778,0.177777777777778,45,"neumark",29
"justin","White","Male",0.485714285714286,0.485714285714286,35,"neumark",30
"justin","White","Male",0.22,0.22,50,"neumark",31
"karen","White","Female",0.177083333333333,0.177083333333333,96,"neumark",49
"karen","White","Female",0.0692307692307692,0.0692307692307692,130,"neumark",50
"karen","White","Female",0.124137931034483,0.124137931034483,145,"neumark",51
"karen","White","Female",0.142857142857143,0.142857142857143,7,"neumark",64
"karen","White","Female",0.0655737704918033,0.0655737704918033,61,"neumark",65
"karen","White","Female",0.104166666666667,0.104166666666667,48,"neumark",66
"kathleen","White","Female",0.0816326530612245,0.0816326530612245,49,"neumark",64
"kathleen","White","Female",0.109375,0.109375,64,"neumark",65
"kathleen","White","Female",0.078125,0.078125,64,"neumark",66
"kayla","White","Female",0.142857142857143,0.142857142857143,77,"neumark",29
"kayla","White","Female",0.0416666666666667,0.0416666666666667,24,"neumark",30
"kayla","White","Female",0.215384615384615,0.215384615384615,130,"neumark",31
"kelly","White","Female",0.146551724137931,0.146551724137931,116,"neumark",64
"kelly","White","Female",0.0344827586206897,0.0344827586206897,29,"neumark",65
"kelly","White","Female",0.032258064516129,0.032258064516129,62,"neumark",66
"kenneth","White","Male",0.161290322580645,0.161290322580645,62,"neumark",49
"kenneth","White","Male",0.283950617283951,0.283950617283951,81,"neumark",50
"kenneth","White","Female",0,0,1,"neumark",51
"kenneth","White","Male",0.269230769230769,0.269230769230769,26,"neumark",51
"kenneth","White","Male",0.222222222222222,0.222222222222222,27,"neumark",64
"kenneth","White","Female",0,0,2,"neumark",65
"kenneth","White","Male",0.142857142857143,0.142857142857143,21,"neumark",65
"kenneth","White","Male",0.241379310344828,0.241379310344828,58,"neumark",66
"kevin","White","Female",0,0,2,"neumark",49
"kevin","White","Male",0.210526315789474,0.210526315789474,76,"neumark",49
"kevin","White","Female",0,0,2,"neumark",50
"kevin","White","Male",0.392156862745098,0.392156862745098,51,"neumark",50
"kevin","White","Male",0.0888888888888889,0.0888888888888889,45,"neumark",51
"kevin","White","Female",0,0,2,"neumark",64
"kevin","White","Male",0.636363636363636,0.636363636363636,11,"neumark",64
"kevin","White","Male",0.277777777777778,0.277777777777778,36,"neumark",65
"kevin","White","Male",0.428571428571429,0.428571428571429,21,"neumark",66
"kimberely","White","Female",0.25,0.25,4,"neumark",49
"kimberley","White","Female",0.125,0.125,16,"neumark",29
"kimberley","White","Female",0.111111111111111,0.111111111111111,9,"neumark",30
"kimberley","White","Female",0.125,0.125,16,"neumark",64
"kimberly","White","Female",0.25,0.25,16,"neumark",29
"kimberly","White","Female",0.260869565217391,0.260869565217391,23,"neumark",30
"kimberly","White","Female",0.0909090909090909,0.0909090909090909,99,"neumark",31
"kimberly","White","Female",0.147727272727273,0.147727272727273,88,"neumark",49
"kimberly","White","Female",0.253012048192771,0.253012048192771,83,"neumark",50
"kimberly","White","Female",0.16,0.16,75,"neumark",51
"kimberly","White","Female",0.4,0.4,5,"neumark",64
"kimberly","White","Female",0.0742857142857143,0.0742857142857143,175,"neumark",65
"kimberly","White","Female",0.0925925925925926,0.0925925925925926,54,"neumark",66
"kyle","White","Male",0.222222222222222,0.222222222222222,18,"neumark",29
"kyle","White","Male",0.151515151515152,0.151515151515152,66,"neumark",30
"kyle","White","Male",0.25,0.25,28,"neumark",31
"kyler","White","Male",0,0,1,"neumark",29
"kyler","White","Male",0.333333333333333,0.333333333333333,3,"neumark",30
"larry","White","Male",0.0833333333333333,0.0833333333333333,12,"neumark",64
"larry","White","Male",0.25,0.25,20,"neumark",65
"larry","White","Male",0.333333333333333,0.333333333333333,42,"neumark",66
"laura","White","Female",0.188235294117647,0.188235294117647,85,"neumark",29
"laura","White","Female",0.236842105263158,0.236842105263158,38,"neumark",30
"laura","White","Female",0.133333333333333,0.133333333333333,60,"neumark",31
"laura","White","Female",0.222222222222222,0.222222222222222,72,"neumark",49
"laura","White","Female",0.0803571428571429,0.0803571428571429,112,"neumark",50
"laura","White","Female",0.0727272727272727,0.0727272727272727,110,"neumark",51
"laura","White","Female",0.214285714285714,0.214285714285714,14,"neumark",64
"laura","White","Female",0.115384615384615,0.115384615384615,52,"neumark",65
"laura","White","Female",0.116666666666667,0.116666666666667,60,"neumark",66
"lauren","White","Female",0.270676691729323,0.270676691729323,133,"neumark",29
"lauren","White","Female",0.236842105263158,0.236842105263158,152,"neumark",30
"lauren","White","Female",0.19047619047619,0.19047619047619,21,"neumark",31
"linda","White","Female",0.0882352941176471,0.0882352941176471,102,"neumark",49
"linda","White","Female",0.146341463414634,0.146341463414634,82,"neumark",50
"linda","White","Female",0.0689655172413793,0.0689655172413793,29,"neumark",51
"linda","White","Female",0.0595238095238095,0.0595238095238095,84,"neumark",64
"linda","White","Female",0.0819672131147541,0.0819672131147541,61,"neumark",65
"linda","White","Female",0.0581395348837209,0.0581395348837209,86,"neumark",66
"lisa","White","Female",0.0955882352941176,0.0955882352941176,136,"neumark",49
"lisa","White","Female",0.157894736842105,0.157894736842105,57,"neumark",50
"lisa","White","Female",0.0842105263157895,0.0842105263157895,95,"neumark",51
"lisa","White","Female",0.0984848484848485,0.0984848484848485,132,"neumark",64
"lisa","White","Female",0.147540983606557,0.147540983606557,61,"neumark",65
"lisa","White","Female",0.208333333333333,0.208333333333333,24,"neumark",66
"lori","White","Female",0.166666666666667,0.166666666666667,78,"neumark",49
"lori","White","Female",0.0338983050847458,0.0338983050847458,59,"neumark",50
"lori","White","Female",0.128378378378378,0.128378378378378,148,"neumark",51
"lori","White","Female",0.0632911392405063,0.0632911392405063,79,"neumark",64
"lori","White","Female",0.0727272727272727,0.0727272727272727,55,"neumark",65
"lori","White","Female",0.134615384615385,0.134615384615385,52,"neumark",66
"mack","White","Male",0.666666666666667,0.666666666666667,3,"neumark",65
"madison","White","Female",0.188679245283019,0.188679245283019,106,"neumark",29
"madison","White","Female",0.12280701754386,0.12280701754386,114,"neumark",30
"madison","White","Female",0.205128205128205,0.205128205128205,39,"neumark",31
"margaret","White","Female",0.0869565217391304,0.0869565217391304,46,"neumark",64
"margaret","White","Female",0,0,15,"neumark",65
"margaret","White","Female",0,0,35,"neumark",66
"margeret","White","Female",0.25,0.25,4,"neumark",64
"mark","White","Male",0.27906976744186,0.27906976744186,43,"neumark",49
"mark","White","Male",0.228571428571429,0.228571428571429,70,"neumark",50
"mark","White","Male",0.25,0.25,20,"neumark",51
"mark","White","Male",0.181818181818182,0.181818181818182,44,"neumark",64
"mark","White","Male",0.19047619047619,0.19047619047619,42,"neumark",65
"mark","White","Male",0.111111111111111,0.111111111111111,45,"neumark",66
"mary","White","Female",0.105633802816901,0.105633802816901,142,"neumark",49
"mary","White","Female",0.19047619047619,0.19047619047619,105,"neumark",50
"mary","White","Female",0.184210526315789,0.184210526315789,76,"neumark",51
"mary","White","Female",0.0727272727272727,0.0727272727272727,110,"neumark",64
"mary","White","Female",0.0277777777777778,0.0277777777777778,72,"neumark",65
"mary","White","Female",0.0769230769230769,0.0769230769230769,52,"neumark",66
"matthew","White","Male",0.221052631578947,0.221052631578947,95,"neumark",29
"matthew","White","Male",0.232558139534884,0.232558139534884,43,"neumark",30
"matthew","White","Male",0.19672131147541,0.19672131147541,61,"neumark",31
"matthew","White","Male",0.148936170212766,0.148936170212766,47,"neumark",64
"matthew","White","Male",0.333333333333333,0.333333333333333,24,"neumark",65
"matthew","White","Male",0.119047619047619,0.119047619047619,42,"neumark",66
"may","White","Female",0,0,1,"neumark",64
"megan","White","Female",0.225352112676056,0.225352112676056,71,"neumark",29
"megan","White","Female",0.125,0.125,80,"neumark",30
"megan","White","Female",0.0704225352112676,0.0704225352112676,71,"neumark",31
"melissa","White","Female",0.106666666666667,0.106666666666667,75,"neumark",29
"melissa","White","Female",0.3,0.3,20,"neumark",30
"melissa","White","Female",0.21,0.21,100,"neumark",31
"melissa","White","Female",0.0666666666666667,0.0666666666666667,90,"neumark",64
"melissa","White","Female",0,0,40,"neumark",65
"melissa","White","Female",0.111111111111111,0.111111111111111,81,"neumark",66
"mia","White","Female",0.217391304347826,0.217391304347826,69,"neumark",29
"mia","White","Female",0.368421052631579,0.368421052631579,57,"neumark",30
"mia","White","Female",0.0645161290322581,0.0645161290322581,93,"neumark",31
"michael","White","Male",0.264705882352941,0.264705882352941,34,"neumark",29
"michael","White","Male",0.363636363636364,0.363636363636364,11,"neumark",30
"michael","White","Male",0.180327868852459,0.180327868852459,61,"neumark",31
"michael","White","Male",0.25,0.25,52,"neumark",49
"michael","White","Female",0,0,1,"neumark",50
"michael","White","Male",0.256410256410256,0.256410256410256,39,"neumark",50
"michael","White","Male",0.132231404958678,0.132231404958678,121,"neumark",51
"michael","White","Male",0.315789473684211,0.315789473684211,19,"neumark",64
"michael","White","Male",0.0754716981132075,0.0754716981132075,53,"neumark",65
"michael","White","Male",0.307692307692308,0.307692307692308,26,"neumark",66
"michell","White","Female",0.333333333333333,0.333333333333333,6,"neumark",51
"michelle","White","Female",0.125,0.125,136,"neumark",49
"michelle","White","Female",0.1,0.1,270,"neumark",50
"michelle","White","Female",0.142857142857143,0.142857142857143,63,"neumark",51
"michelle","White","Female",0.0909090909090909,0.0909090909090909,77,"neumark",64
"michelle","White","Female",0.0661764705882353,0.0661764705882353,136,"neumark",65
"michelle","White","Female",0.186440677966102,0.186440677966102,59,"neumark",66
"nancy","White","Female",0.109489051094891,0.109489051094891,137,"neumark",49
"nancy","White","Female",0.171875,0.171875,192,"neumark",50
"nancy","White","Female",0.180327868852459,0.180327868852459,122,"neumark",51
"nancy","White","Female",0.0291970802919708,0.0291970802919708,137,"neumark",64
"nancy","White","Female",0.0517241379310345,0.0517241379310345,58,"neumark",65
"natalie","White","Female",0.245283018867925,0.245283018867925,106,"neumark",29
"natalie","White","Female",0.11965811965812,0.11965811965812,117,"neumark",30
"natalie","White","Female",0.138888888888889,0.138888888888889,72,"neumark",31
"nathan","White","Male",0.117647058823529,0.117647058823529,17,"neumark",29
"nathan","White","Male",0.216216216216216,0.216216216216216,37,"neumark",30
"nathan","White","Male",0.433333333333333,0.433333333333333,30,"neumark",31
"nicholas","White","Male",0.170212765957447,0.170212765957447,47,"neumark",29
"nicholas","White","Male",0.32,0.32,50,"neumark",30
"nicholas","White","Male",0.159420289855072,0.159420289855072,69,"neumark",31
"nicole","White","Female",0.213114754098361,0.213114754098361,61,"neumark",29
"nicole","White","Female",0.242424242424242,0.242424242424242,33,"neumark",30
"nicole","White","Female",0.0967741935483871,0.0967741935483871,62,"neumark",31
"nicole","White","Female",0.129032258064516,0.129032258064516,124,"neumark",64
"nicole","White","Female",0.103448275862069,0.103448275862069,87,"neumark",65
"nicole","White","Female",0.0681818181818182,0.0681818181818182,44,"neumark",66
"olivia","White","Female",0.164556962025316,0.164556962025316,79,"neumark",29
"olivia","White","Female",0.236842105263158,0.236842105263158,38,"neumark",30
"olivia","White","Female",0.0869565217391304,0.0869565217391304,46,"neumark",31
"pamela","White","Female",0.220183486238532,0.220183486238532,109,"neumark",49
"pamela","White","Female",0.0555555555555556,0.0555555555555556,36,"neumark",50
"pamela","White","Female",0.117647058823529,0.117647058823529,17,"neumark",51
"pamela","White","Female",0.135135135135135,0.135135135135135,74,"neumark",65
"pamela","White","Female",0.0625,0.0625,16,"neumark",66
"particia","White","Female",0,0,9,"neumark",51
"patricia","White","Female",0.282051282051282,0.282051282051282,39,"neumark",49
"patricia","White","Female",0.140845070422535,0.140845070422535,71,"neumark",50
"patricia","White","Female",0.087248322147651,0.087248322147651,149,"neumark",51
"patricia","White","Female",0.126984126984127,0.126984126984127,63,"neumark",64
"patricia","White","Female",0.0612244897959184,0.0612244897959184,98,"neumark",65
"patricia","White","Female",0.145631067961165,0.145631067961165,103,"neumark",66
"paul","White","Male",0.290322580645161,0.290322580645161,31,"neumark",49
"paul","White","Male",0.5,0.5,18,"neumark",50
"paul","White","Male",0.222222222222222,0.222222222222222,45,"neumark",51
"paul","White","Male",0.216216216216216,0.216216216216216,37,"neumark",64
"paul","White","Male",0.137254901960784,0.137254901960784,51,"neumark",65
"paul","White","Male",0.25,0.25,20,"neumark",66
"rachel","White","Female",0.222222222222222,0.222222222222222,81,"neumark",29
"rachel","White","Female",0.25,0.25,52,"neumark",30
"rachel","White","Female",0,0,2,"neumark",31
"rebecca","White","Female",0.0459770114942529,0.0459770114942529,87,"neumark",64
"rebecca","White","Female",0.163636363636364,0.163636363636364,55,"neumark",65
"rebecca","White","Female",0.164383561643836,0.164383561643836,73,"neumark",66
"richard","White","Male",0.215686274509804,0.215686274509804,51,"neumark",49
"richard","White","Male",0.318181818181818,0.318181818181818,44,"neumark",50
"richard","White","Male",0.2,0.2,35,"neumark",51
"richard","White","Male",0.158536585365854,0.158536585365854,82,"neumark",64
"richard","White","Male",0.222222222222222,0.222222222222222,18,"neumark",65
"richard","White","Male",0.104761904761905,0.104761904761905,105,"neumark",66
"robert","White","Male",0.290909090909091,0.290909090909091,55,"neumark",29
"robert","White","Female",0,0,1,"neumark",30
"robert","White","Male",0.16,0.16,25,"neumark",30
"robert","White","Male",0.275,0.275,40,"neumark",31
"robert","White","Male",0.333333333333333,0.333333333333333,36,"neumark",49
"robert","White","Male",0.272727272727273,0.272727272727273,44,"neumark",50
"robert","White","Male",0.314814814814815,0.314814814814815,54,"neumark",51
"robert","White","Male",0.333333333333333,0.333333333333333,9,"neumark",64
"robert","White","Male",0.19047619047619,0.19047619047619,42,"neumark",65
"robert","White","Male",0.388888888888889,0.388888888888889,54,"neumark",66
"ronald","White","Male",0.03125,0.03125,32,"neumark",64
"ronald","White","Male",0.186046511627907,0.186046511627907,43,"neumark",65
"ronald","White","Male",0.111111111111111,0.111111111111111,18,"neumark",66
"ryan","White","Male",0.180327868852459,0.180327868852459,61,"neumark",29
"ryan","White","Male",0.318181818181818,0.318181818181818,44,"neumark",30
"ryan","White","Male",0.352941176470588,0.352941176470588,51,"neumark",31
"samantha","White","Female",0.333333333333333,0.333333333333333,9,"neumark",29
"samantha","White","Female",0.193548387096774,0.193548387096774,62,"neumark",30
"samantha","White","Female",0.136752136752137,0.136752136752137,117,"neumark",31
"sandra","White","Female",0.1125,0.1125,160,"neumark",49
"sandra","White","Female",0.0727272727272727,0.0727272727272727,110,"neumark",50
"sandra","White","Female",0.113095238095238,0.113095238095238,168,"neumark",51
"sandra","White","Female",0.5,0.5,2,"neumark",64
"sandra","White","Female",0.05,0.05,20,"neumark",65
"sandra","White","Female",0.115384615384615,0.115384615384615,26,"neumark",66
"sarah","White","Female",0.168316831683168,0.168316831683168,101,"neumark",29
"sarah","White","Female",0.088,0.088,125,"neumark",30
"sarah","White","Female",0.232704402515723,0.232704402515723,159,"neumark",31
"sarash","White","Female",0,0,9,"neumark",29
"scott","White","Male",0.275862068965517,0.275862068965517,29,"neumark",49
"scott","White","Male",0.357142857142857,0.357142857142857,70,"neumark",50
"scott","White","Male",0.266666666666667,0.266666666666667,60,"neumark",51
"scott","White","Male",0.115384615384615,0.115384615384615,52,"neumark",64
"scott","White","Male",0.217391304347826,0.217391304347826,23,"neumark",65
"scott","White","Male",0.272727272727273,0.272727272727273,22,"neumark",66
"sharon","White","Female",0.164383561643836,0.164383561643836,219,"neumark",49
"sharon","White","Female",0.0909090909090909,0.0909090909090909,187,"neumark",50
"sharon","White","Female",0.157303370786517,0.157303370786517,89,"neumark",51
"sharon","White","Female",0.0625,0.0625,16,"neumark",64
"sharon","White","Female",0.0434782608695652,0.0434782608695652,23,"neumark",66
"shirley","White","Female",0.4,0.4,10,"neumark",64
"shirley","White","Female",0.144144144144144,0.144144144144144,111,"neumark",65
"shirley","White","Female",0.145833333333333,0.145833333333333,48,"neumark",66
"sophia","White","Female",0.116666666666667,0.116666666666667,60,"neumark",29
"sophia","White","Female",0.28169014084507,0.28169014084507,71,"neumark",30
"sophia","White","Female",0.204545454545455,0.204545454545455,88,"neumark",31
"steohen","White","Male",0,0,2,"neumark",65
"stephanie","White","Female",0.113207547169811,0.113207547169811,159,"neumark",29
"stephanie","White","Female",0.127659574468085,0.127659574468085,47,"neumark",30
"stephanie","White","Female",0.257425742574257,0.257425742574257,101,"neumark",31
"stephanie","White","Female",0.0344827586206897,0.0344827586206897,29,"neumark",64
"stephanie","White","Female",0.197368421052632,0.197368421052632,76,"neumark",65
"stephanie","White","Female",0,0,7,"neumark",66
"stephen","White","Male",0,0,9,"neumark",51
"stephen","White","Male",0.136363636363636,0.136363636363636,66,"neumark",64
"stephen","White","Male",0.222222222222222,0.222222222222222,54,"neumark",65
"stephen","White","Female",0,0,1,"neumark",66
"stephen","White","Male",0.275862068965517,0.275862068965517,29,"neumark",66
"steven","White","Male",0.233333333333333,0.233333333333333,30,"neumark",49
"steven","White","Male",0.254901960784314,0.254901960784314,51,"neumark",50
"steven","White","Male",0.2125,0.2125,80,"neumark",51
"steven","White","Male",0.133333333333333,0.133333333333333,15,"neumark",64
"steven","White","Male",0.204081632653061,0.204081632653061,49,"neumark",65
"steven","White","Male",0.363636363636364,0.363636363636364,11,"neumark",66
"susan","White","Female",0,0,2,"neumark",29
"susan","White","Female",0.146341463414634,0.146341463414634,82,"neumark",49
"susan","White","Female",0.0555555555555556,0.0555555555555556,108,"neumark",50
"susan","White","Female",0.0974025974025974,0.0974025974025974,154,"neumark",51
"susan","White","Female",0,0,3,"neumark",64
"susan","White","Female",0.117647058823529,0.117647058823529,51,"neumark",65
"susan","White","Female",0,0,5,"neumark",66
"tammy","White","Female",0.0714285714285714,0.0714285714285714,98,"neumark",49
"tammy","White","Female",0,0,25,"neumark",50
"tammy","White","Female",0.155080213903743,0.155080213903743,187,"neumark",51
"tammy","White","Female",0.0714285714285714,0.0714285714285714,84,"neumark",64
"tammy","White","Female",0.215384615384615,0.215384615384615,65,"neumark",65
"tammy","White","Female",0.0857142857142857,0.0857142857142857,70,"neumark",66
"teresa","White","Female",0.115789473684211,0.115789473684211,95,"neumark",49
"teresa","White","Female",0.116279069767442,0.116279069767442,86,"neumark",50
"teresa","White","Female",0.133720930232558,0.133720930232558,172,"neumark",51
"teresa","White","Female",0.0344827586206897,0.0344827586206897,29,"neumark",64
"teresa","White","Female",0.134615384615385,0.134615384615385,104,"neumark",65
"teresa","White","Female",0.0894308943089431,0.0894308943089431,123,"neumark",66
"thomas","White","Male",0.297872340425532,0.297872340425532,94,"neumark",49
"thomas","White","Male",0.166666666666667,0.166666666666667,132,"neumark",50
"thomas","White","Male",0.214285714285714,0.214285714285714,42,"neumark",51
"thomas","White","Male",0.2,0.2,15,"neumark",64
"thomas","White","Female",0,0,2,"neumark",65
"thomas","White","Male",0.142857142857143,0.142857142857143,21,"neumark",65
"thomas","White","Male",0.25,0.25,12,"neumark",66
"timothy","White","Male",0.232558139534884,0.232558139534884,43,"neumark",49
"timothy","White","Male",0.291666666666667,0.291666666666667,48,"neumark",50
"timothy","White","Male",0.108695652173913,0.108695652173913,46,"neumark",51
"timothy","White","Male",0,0,6,"neumark",64
"timothy","White","Male",0.261904761904762,0.261904761904762,42,"neumark",65
"timothy","White","Male",0.173076923076923,0.173076923076923,52,"neumark",66
"timoty","White","Male",0.5,0.5,2,"neumark",50
"tracy","White","Female",0.132075471698113,0.132075471698113,53,"neumark",64
"tracy","White","Female",0,0,19,"neumark",65
"tracy","White","Female",0.168224299065421,0.168224299065421,107,"neumark",66
"tyler","White","Male",0.448275862068966,0.448275862068966,29,"neumark",29
"tyler","White","Male",0.5,0.5,20,"neumark",30
"tyler","White","Male",0.380952380952381,0.380952380952381,21,"neumark",31
"victoria","White","Female",0.185483870967742,0.185483870967742,124,"neumark",29
"victoria","White","Female",0.137254901960784,0.137254901960784,51,"neumark",30
"victoria","White","Female",0.0555555555555556,0.0555555555555556,90,"neumark",31
"wiliam","White","Male",0.25,0.25,8,"neumark",30
"william","White","Male",0.166666666666667,0.166666666666667,6,"neumark",29
"william","White","Male",0.172413793103448,0.172413793103448,58,"neumark",30
"william","White","Male",0.421052631578947,0.421052631578947,19,"neumark",31
"william","White","Male",0.314606741573034,0.314606741573034,89,"neumark",49
"william","White","Female",0,0,4,"neumark",50
"william","White","Male",0.157894736842105,0.157894736842105,76,"neumark",50
"william","White","Male",0.206349206349206,0.206349206349206,63,"neumark",51
"william","White","Male",0.191176470588235,0.191176470588235,68,"neumark",64
"william","White","Male",0.185185185185185,0.185185185185185,27,"neumark",65
"william","White","Male",0.2,0.2,35,"neumark",66
"zachary","White","Male",0.142857142857143,0.142857142857143,14,"neumark",29
"zachary","White","Male",0.264150943396226,0.264150943396226,53,"neumark",30
"zachary","White","Male",0.283018867924528,0.283018867924528,53,"neumark",31
"aaliyah jackson","Black","Female",0.155247181266262,179,1153,"nunley",NA
"amy rasmussen","White","Female",0.182343234323432,221,1212,"nunley",NA
"claire kruger","White","Female",0.193162393162393,226,1170,"nunley",NA
"cody baker","White","Male",0.175084175084175,208,1188,"nunley",NA
"deandre washington","Black","Male",0.142614601018676,168,1178,"nunley",NA
"deshawn jefferson","Black","Male",0.160337552742616,190,1185,"nunley",NA
"ebony booker","Black","Female",0.151304347826087,174,1150,"nunley",NA
"jake kelly","White","Male",0.169827586206897,197,1160,"nunley",NA
"ali saeed",NA,"Male",0.0833333333333333,0.0833333333333333,120,"oreopoulos",NA
"alison johnson","White","Female",0.141509433962264,0.141509433962264,106,"oreopoulos",NA
"alison johnson","White","Female",0.156398104265403,0.156398104265403,422,"oreopoulos",NA
"allen wang",NA,"Male",0.0887096774193548,0.0887096774193548,124,"oreopoulos",NA
"amy wang",NA,"Female",0.0961538461538462,0.0961538461538462,104,"oreopoulos",NA
"arjun kumar",NA,"Male",0.0781609195402299,0.0781609195402299,435,"oreopoulos",NA
"asif sheikh",NA,"Male",0.0384615384615385,0.0384615384615385,130,"oreopoulos",NA
"bill zhang",NA,"Male",0.082089552238806,0.082089552238806,134,"oreopoulos",NA
"carrie martin","White","Female",0.148514851485149,0.148514851485149,101,"oreopoulos",NA
"carrie martin","White","Female",0.1859410430839,0.1859410430839,441,"oreopoulos",NA
"chaudhry mohammad",NA,"Male",0.0612244897959184,0.0612244897959184,98,"oreopoulos",NA
"dong liu",NA,"Male",0.0788177339901478,0.0788177339901478,406,"oreopoulos",NA
"emily brown","White","Female",0.136054421768707,0.136054421768707,147,"oreopoulos",NA
"emily brown","White","Female",0.149606299212598,0.149606299212598,254,"oreopoulos",NA
"eric wang",NA,"Male",0.0641025641025641,0.0641025641025641,234,"oreopoulos",NA
"fang wang",NA,"Female",0.12568306010929,0.12568306010929,183,"oreopoulos",NA
"fatima sheikh",NA,"Female",0.0810810810810811,0.0810810810810811,111,"oreopoulos",NA
"greg johnson","White","Male",0.0849056603773585,0.0849056603773585,106,"oreopoulos",NA
"greg johnson","White","Male",0.119289340101523,0.119289340101523,394,"oreopoulos",NA
"hassan khan",NA,"Male",0.062992125984252,0.062992125984252,127,"oreopoulos",NA
"hina chaudhry",NA,"Female",0.0780141843971631,0.0780141843971631,141,"oreopoulos",NA
"jack li",NA,"Male",0.0337078651685393,0.0337078651685393,89,"oreopoulos",NA
"james liu",NA,"Male",0.0683760683760684,0.0683760683760684,117,"oreopoulos",NA
"jennifer li",NA,"Female",0.0608695652173913,0.0608695652173913,115,"oreopoulos",NA
"jill wilson","White","Female",0.111111111111111,0.111111111111111,108,"oreopoulos",NA
"jill wilson","White","Female",0.161592505854801,0.161592505854801,427,"oreopoulos",NA
"john martin","White","Male",0.103448275862069,0.103448275862069,116,"oreopoulos",NA
"john martin","White","Male",0.113475177304965,0.113475177304965,423,"oreopoulos",NA
"lei li",NA,"Male",0.0931989924433249,0.0931989924433249,397,"oreopoulos",NA
"lukas minsopoulos",NA,"Male",0.107142857142857,0.107142857142857,168,"oreopoulos",NA
"matthew wilson","White","Male",0.0900900900900901,0.0900900900900901,111,"oreopoulos",NA
"matthew wilson","White","Male",0.123762376237624,0.123762376237624,404,"oreopoulos",NA
"maya kumar",NA,"Female",0.0866336633663366,0.0866336633663366,404,"oreopoulos",NA
"michael smith","White","Male",0.0672268907563025,0.0672268907563025,119,"oreopoulos",NA
"michael smith","White","Male",0.111111111111111,0.111111111111111,261,"oreopoulos",NA
"michelle wang",NA,"Female",0.0778210116731518,0.0778210116731518,257,"oreopoulos",NA
"min liu",NA,"Female",0.113425925925926,0.113425925925926,432,"oreopoulos",NA
"monica liu",NA,"Female",0.0895522388059701,0.0895522388059701,134,"oreopoulos",NA
"na li",NA,"Female",0.076530612244898,0.076530612244898,392,"oreopoulos",NA
"nicole minsopoulos",NA,"Female",0.095959595959596,0.095959595959596,198,"oreopoulos",NA
"panav singh",NA,"Male",0.0825242718446602,0.0825242718446602,412,"oreopoulos",NA
"priyanka kaur",NA,"Female",0.0760626398210291,0.0760626398210291,447,"oreopoulos",NA
"rabab saeed",NA,"Female",0.0425531914893617,0.0425531914893617,94,"oreopoulos",NA
"rahul kaur",NA,"Male",0.081447963800905,0.081447963800905,442,"oreopoulos",NA
"samir sharma",NA,"Male",0.0858585858585859,0.0858585858585859,396,"oreopoulos",NA
"sana khan",NA,"Female",0.0882352941176471,0.0882352941176471,136,"oreopoulos",NA
"shreya sharma",NA,"Female",0.0953545232273839,0.0953545232273839,409,"oreopoulos",NA
"tao wang",NA,"Male",0.109826589595376,0.109826589595376,173,"oreopoulos",NA
"tara singh",NA,"Female",0.102941176470588,0.102941176470588,408,"oreopoulos",NA
"vivian zhang",NA,"Female",0.072463768115942,0.072463768115942,138,"oreopoulos",NA
"xiuying zhang",NA,"Female",0.074235807860262,0.074235807860262,458,"oreopoulos",NA
"yong zhang",NA,"Male",0.085995085995086,0.085995085995086,407,"oreopoulos",NA
"deshawn washington","Black","Male",0.13,84,653,"flake",NA
"conner meyer","White","Male",0.238,163,689,"flake",NA
"jos vazquez",NA,"Male",0.339,225,664,"flake",NA
"matthew o'brien","White","Male",0.188,54,288,"leasure",30
"tyrone williams","Black","Male",0.157,46,294,"leasure",30
"kristen smith","White","Female",0.392,19,51,"jacquemet",NA
"carrie johnson","White","Female",0.167,9,54,"jacquemet",NA
"meredith miller","White","Female",0.213,17,80,"jacquemet",NA
"sarah davis","White","Female",0.28,21,75,"jacquemet",NA
"laurie anderson","White","Female",0.129,9,70,"jacquemet",NA
"ebony williams","Black","Female",0.253,19,79,"jacquemet",NA
"latoya brown","Black","Female",0.163,8,55,"jacquemet",NA
"tanisha white","Black","Female",0.163,8,55,"jacquemet",NA
"jasmine washington","Black","Female",0.121,7,66,"jacquemet",NA
"lakisha jones","Black","Female",0.08,6,75,"jacquemet",NA
"dziella lousaper",NA,"Female",0.163,8,55,"jacquemet",NA
"edona sanatroug",NA,"Female",0.104,8,86,"jacquemet",NA
"sofiko kushtrim",NA,"Female",0.169,15,89,"jacquemet",NA
"aferdita dzaghig",NA,"Female",0.2,11,55,"jacquemet",NA
"gadarine besnik",NA,"Female",0.222,9,45,"jacquemet",NA
"abd al-hakiim amar",NA,"Male",0.108695652173913,5,46,"widner",NA
"qahhar kazim",NA,"Male",0.116279069767442,5,43,"widner",NA
"abu amjad khazin",NA,"Male",0.0869565217391304,4,46,"widner",NA
"mamuud irshad",NA,"Male",0.0232558139534884,1,43,"widner",NA
"shakir imtiaz",NA,"Male",0.0666666666666667,3,45,"widner",NA
"al-malik khalil",NA,"Male",0.0238095238095238,1,42,"widner",NA
"james yoder","White","Male",0.0465116279069767,2,43,"widner",NA
"robert krueger","White","Male",0.111111111111111,5,45,"widner",NA
"john mueller","White","Male",0.0444444444444444,2,45,"widner",NA
"michael schwartz","White","Male",0.0697674418604651,3,43,"widner",NA
"william novak","White","Male",0.111111111111111,5,45,"widner",NA
"david schmitt","White","Male",0.181818181818182,8,44,"widner",NA
