Covidence #,Study ID,Title,Reviewer Name,Lippens et al.?,Location,Paired,Subgroup Analysis,Restaurant,Blue Collar,Office Focus,Degree Level,Study ID,Title,Lead author contact details,Document Types,Country in which the study conducted,Notes,Aim of study,Start date,End date,Total applications,Method of resume submission,Signal,Intervention and Comparisons:,Group 1 Treatment,Group 1 Control,Group 1 Condition,Group 2 Treatment,Group 2 Control,Group 2 Condition,Group 3 Treatment,Group 3 Control,Group 3 Condition,Group 4 Treatment,Group 4 Control,Group 4 Condition,Group 5 Treatment,Group 5 Control,Group 5 Condition,Group 6 Treatment,Group 6 Control,Group 6 Condition,Outcome table:,Group 1 # resumes (treat),Group 1 % callbacks (treat),Group 1 # resumes (control),Group 1 % callbacks (control),Group 2 # resumes (treat),Group 2 % callbacks (treat),Group 2 # resumes (control),Group 2 % callbacks (control),Group 3 # resumes (treat),Group 3 % callbacks (treat),Group 3 # resumes (control),Group 3 % callbacks (control),Group 4 # resumes (treat),Group 4 % callbacks (treat),Group 4 # resumes (control),Group 4 % callbacks (control),Group 5 # resumes (treat),Group 5 % callbacks (treat),Group 5 # resumes (control),Group 5 % callbacks (control),Group 6 # resumes (treat),Group 6 % callbacks (treat),Group 6 # resumes (control),Group 6 % callbacks (control),Comments,Callback by names:, Name, Callback rate, Name, Callback rate, Name, Callback rate, Name, Callback rate, Name, Callback rate, Name, Callback rate, Name, Callback rate, Name, Callback rate, Name, Callback rate, Name, Callback rate, Name, Callback rate, Name, Callback rate, Name, Callback rate, Name, Callback rate, Name, Callback rate, Name, Callback rate, Name, Callback rate, Name, Callback rate, Name, Callback rate, Name, Callback rate, Name, Callback rate, Name, Callback rate, Name, Callback rate, Name, Callback rate, Name, Callback rate, Name, Callback rate, Name, Callback rate, Name, Callback rate, Name, Callback rate, Name, Callback rate, Name, Callback rate,Alternative outcome table:,Group 1 Mean (treat),Group 1 SD (treat),Group 1 Mean (control),Group 1 SD (control),Group 2 Mean (treat),Group 2 SD (treat),Group 2 Mean (control),Group 2 SD (control),Group 3 Mean (treat),Group 3 SD (treat),Group 3 Mean (control),Group 3 SD (control),Group 4 Mean (treat),Group 4 SD (treat),Group 4 Mean (control),Group 4 SD (control),Group 5 Mean (treat),Group 5 SD (treat),Group 5 Mean (control),Group 5 SD (control)
4550,Kline 2022,Systemic Discrimination Among Large U.S. Employers,Consensus,No,many counties in the United States,Yes,Yes,Yes,Yes,Yes,High school; Some college,Kline 2022,Systemic Discrimination among Large U.S. Employers,pkline@econ.berkeley.edu,Journal Article,United States,,Evaluate the state of hiring discrimination among large U.S. Employers.,19-Oct,21-Apr,84000,Online,"Names (race, gender); LGBTQ high school club assignment (sexual orientation); Gender-neutral pronouns (non-binary); associate degree (low-income); over 40 (older).",,Black Male,White Male,High School Degree,Black Female,White Female,High School Degree,Black Male,White Male,Associate Degree,Black Female,White Female,Associate Degree,Over 40,Under 40,,LGBTQ club member,Other Club,,,10845,0.233,11037,0.247,10677,0.228,10866,0.248,10082,0.234,9938,0.246,10202,0.226,9996,0.261,44730,0.24,38913,0.245,6844,0.245,6943,0.255,Summary from available dataset,,High School Degree,,Over 40,,LGBT club member,,High School Degree,,Over 40,,LGBT club member,,Associate Degree,,Under 40,,Academic Club,,Associate Degree,,Under 40,,Academic Club,,White Male,,White Male,,White Male,,White Female,,White Female,,White Female,,,,,,,,,,,,,,,,,,,,,,,,,,,,,,,,,,,,,,,,,,,,,,,,
4537,Gorsuch 2018,Customer Prejudice & Salience: The Effect of the 2016 Election on Employment Discrimination,Consensus,Yes,Minnesota,Yes,Yes,Yes,Yes,Yes,High school; College degree,,,,,,,,,,,,,,,,,,,,,,,,,,,,,,,,,,,,,,,,,,,,,,,,,,,,,,,,,,,,,,,,,,,,,,,,,,,,,,,,,,,,,,,,,,,,,,,,,,,,,,,,,,,,,,,,,,,,,,,,,,,,,,,,,,,,,,,,,,,,,
4519,Jolson 1974,Employment Barriers in Marketing,Consensus,No,Maryland,No,No,No,No,Yes,College degree; Graduate degree,Jolson 1974,Employment Barriers in Marketing,,Journal Article,United States,,"Examine the differing levels of employer receptivity to the applications of black, Jewish, and white Protestant individuals for advertised middle-management or top-level positions in marketing",1974,1974,300,Mail,race/religion,,Black Protestant,White Protestant,Not sales,White Jewish,White Protestant,Not sales,Black Protestant,White Protestant,Sales,White Jewish,White Protestant,Sales,,,,,,,,50,0.12,50,0.14,50,0.1,50,0.14,50,0.06,50,0.24,50,0.26,50,0.24,,,,,,,,,"Page 68, Table 1",,,,,,,,,,,,,,,,,,,,,,,,,,,,,,,,,,,,,,,,,,,,,,,,,,,,,,,,,,,,,,,,,,,,,,,,,,,,,,,,,,,,
4507,Kleykamp 2009,A Great Place to Start?: The Effect of Prior Military Service on Hiring,Consensus,Yes,New York City,Yes,Yes,Yes,Yes,Yes,High school; College degree,Kleykamp 2009,A Great Place to Start? The Effect of Prior Military Service on Hiring,,Journal Article,United States,,,,,,Fax,,,,,,,,,,,,,,,,,,,,,,,,,,,,,,,,,,,,,,,,,,,,,,,,,,,,,,,,,,,,,,,,,,,,,,,,,,,,,,,,,,,,,,,,,,,,,,,,,,,,,,,,,,,,,,,,,,,,,,,,,,,,,,,,,,
4502,Farber 2016,Determinants of Callbacks to Job Applications: An Audit Study,Consensus,Yes,"Dallas, Texas; Omaha, Nebraska; Pittsburgh, Pennsylvania; and Portland, Maine; Charlotte, North Carolina; Chicago, Illinois; Sacramento, California; and Tampa, Florida.",Yes,No,No,No,Yes,College degree,,,,,,,,,,,,,,,,,,,,,,,,,,,,,,,,,,,,,,,,,,,,,,,,,,,,,,,,,,,,,,,,,,,,,,,,,,,,,,,,,,,,,,,,,,,,,,,,,,,,,,,,,,,,,,,,,,,,,,,,,,,,,,,,,,,,,,,,,,,,,
4439,Lahey 2008,The Resume Characteristics Determining Job Interviews for Middle-Aged Women Seeking Entry-Level Employment,Consensus,Yes,"Boston, MA; St. Petersburg, FL",Yes,No,Yes,Yes,Yes,High school; College degree,Lahey 2008,"Age, Women, and Hiring An Experimental Study",jlahey@nber.org,Journal Article,United States,"1) ALL résumés are from female jobseekers;

2) The article inserted here is a follow-up, posterior analysis from a previous study on age hiring discrimination. Right PDF: http://jhr.uwpress.org/content/43/1/30.full.pdf+html",,2-Feb,3-Feb,7992,,,,Older,Younger,,,,,,,,,,,,,,,,,,,,,,,,,,,,,,,,,,,,,,,,,,,,,,,,,,,,,,,,,,,,,,,,,,,,,,,,,,,,,,,,,,,,,,,,,,,,,,,,,,,,,,,,,,,,,,,,,,,,,,,,,,,,,,
3706,Mishel 2016,Discrimination against queer women in the US workforce: A résumé audit study,Consensus,Yes,Virginia; Washington D.C.; Tennessee; New York.,Yes,No,No,No,Yes,College degree,Mishel 2016,"Discrimination against Queer Women
in the U.S. Workforce : A Résumé Audit
Study.",ekm331@nyu.edu,Journal Article,United States,All applicants were women.,,,,,,,,,,,,,,,,,,,,,,,,,,,,,,,,,,,,,,,,,,,,,,,,,,,,,,,,,,,,,,,,,,,,,,,,,,,,,,,,,,,,,,,,,,,,,,,,,,,,,,,,,,,,,,,,,,,,,,,,,,,,,,,,,,,,,,,
3418,Kroft 2013,Duration dependence and labor market conditions: Evidence from a field experiment,Consensus,No,100 US cities,Yes,Yes,No,No,Yes,High school; Some college; College degree,Kroft 2013,DURATION DEPENDENCE AND LABOR MARKET CONDITIONS: EVIDENCE FROM A FIELD EXPERIMENT,,Journal Article,United States,,Determine whether the length of time out of work diminish a worker’s job market opportunities.,2011,2011,"12,054",Online,Unemployment spell,,Unemployment duration (>=18 months),Employed,Male,Unemployment duration (<18 months),Employed,Male,Unemployment duration (>=18 months),Employed,Female,Unemployment duration (<18 months),Employed,Female,,,,,,,,1722,0.055,1045,0.07,2658,0.06,1045,0.07,2928,0.03,1773,0.042,4746,0.048,1773,0.042,,,,,,,,,Data from raw dataset summaries.,,,,,,,,,,,,,,,,,,,,,,,,,,,,,,,,,,,,,,,,,,,,,,,,,,,,,,,,,,,,,,,,,,,,,,,,,,,,,,,,,,,,
1860,Correll 2007,Getting a job: Is there a motherhood penalty?,Consensus,Yes,Large Northeastern city.,Yes,No,No,No,Yes,High school; College degree,Correll 2007,Getting a job: Is there a motherhood penalty?,December,Journal Article,United States,,Measure the levels of discrimination regarding motherhood penalty in the labor market.,2007,2007,1276,Online,Assignment of having a child / being a mother and/or father.,,Mothers,Childless women,,Fathers,Childless men,,Mothers,Fathers,,,,,,,,,,,,320,3.13,320,6.56,318,5.03,318,2.83,318,3.13,320,5.03,,,,,,,,,,,,,"Page 1331, Table 6",,,,,,,,,,,,,,,,,,,,,,,,,,,,,,,,,,,,,,,,,,,,,,,,,,,,,,,,,,,,,,,,,,,,,,,,,,,,,,,,,,,,
1717,Gorzig 2021,"Race, Religion, and Immigration: Experimental Evidence from the Labor Market",Consensus,No,Minneapolis ,Yes,Yes,Yes,Yes,Yes,High school; College degree,Gorzig 2021,"Race, Religion, and Immigration: Experimental Evidence from the Labor Market","mmgorsuch952@stkate.edu, deborah.rho@sthomas.edu",Journal Article,United States,,Difference in employment discrimination between Black immigrants and native-born Black Americans,17-Jul,18-Dec,3480,Online,Names,,African American ,White American ,Female,Somali American ,White American ,Born in US (Female),Somali American ,White American ,US high school (Female),African American ,White American ,Male ,Somali American ,White American ,Born in US (Male) ,Somali American ,White American ,US high school (Male) ,,421,0.26,421,0.28,201,0.15,421,0.28,669,0.21,421,0.28,449,0.26,449,0.31,240,0.22,449,0.31,630,0.18,449,0.31,Fig. 6 and Fig. 7 ,,,,,,,,,,,,,,,,,,,,,,,,,,,,,,,,,,,,,,,,,,,,,,,,,,,,,,,,,,,,,,,,,,,,,,,,,,,,,,,,,,,,
1705,Leasure 2020,Misdemeanor Records and Employment Outcomes: An Experimental Study,Consensus,Yes,"Columbus, Ohio ",No,Yes,Yes,Yes,Yes,High school,,,,,,,,,,,,,,,,,,,,,,,,,,,,,,,,,,,,,,,,,,,,,,,,,,,,,,,,,,,,,,,,,,,,,,,,,,,,,,,,,,,,,,,,,,,,,,,,,,,,,,,,,,,,,,,,,,,,,,,,,,,,,,,,,,,,,,,,,,,,,
1163,Mishel 2021,Determinants of Labor Market Discrimination Against Sexual Minorities in the United States: An Intersectional and Experimental Analysis of Common Stereotypes,Consensus,No,"Missouri, California, Pennsylvania, Georgia, New York, Indiana ",Other: No,Other: Yes,No,No,Yes,College degree,Mishel 2021,"Determinants of Labor Market Discrimination against Sexual Minorities in the United States:  
An Intersectional and Experimental Analysis of Common Stereotypes",ekm331@nyu.edu,Thesis,United States,,How do gender and race stereotypes affect employment outcomes for sexual minorities? ,19-Feb,19-Jul,"3,194",Online,Name and Scholarship type,,Lesbian ,Straight ,Black,Lesbian ,Straight ,White,,,,,,,,,,,,,,741,0.21,769,0.26,745,0.31,760,0.38,,,,,,,,,,,,,,,,,Table 2.3,,,,,,,,,,,,,,,,,,,,,,,,,,,,,,,,,,,,,,,,,,,,,,,,,,,,,,,,,,,,,,,,,,,,,,,,,,,,,,,,,,,,
773,Thomas 2018,The Labor Market Value of Taste: An Experimental Study of Class Bias in U.S. Employment,Consensus,Yes,,Yes,Yes,No,No,Yes,College degree,Thomas 2018,The Labor Market Value of Taste: An Experimental Study of Class Bias in U.S. Employment.,,Journal Article,United States,,,,,,,,,,,,,,,,,,,,,,,,,,,,,,,,,,,,,,,,,,,,,,,,,,,,,,,,,,,,,,,,,,,,,,,,,,,,,,,,,,,,,,,,,,,,,,,,,,,,,,,,,,,,,,,,,,,,,,,,,,,,,,,,,,,,,,,,
310,Flake 2019,Do Ban-the-Box Laws Really Work?,Consensus,Yes,,No,Yes,Yes,Other: No,No,High school,Flake 2019,Do Ban-the-Box Laws Really Work?,,Journal Article,United States,,,17-Jun,17-Aug,2006,Online,,,,,Dallas,,,,Latino,,Dallas,,,Chicago,,,,,,,,,,,,,,,,333,,,,,,,,,,,,,,,,,,,,,,,,,,,,,,,,,,,,,,,,,,,,,,,,,,,,,,,,,,,,,,,,,,,,,,,,,,,,,,,,,,,,,,,,,,,,,,,,,,,,
309,Beauregard 2019,HIRING TESTS FOR THE MALE AND FEMALE QUEBECERS OF NORTH AFRICAN ORIGIN IN QUEBEC CITY,Consensus,No,Quebec City,Yes,Yes,No,No,Yes,College degree,Beauregard 2019,Discrimination in the hiring of Quebeckers of North African origin in Quebec City,jean‑philippe.beauregard.1@ulaval.ca,Journal Article,Canada,,Discrimination in the hiring of Quebeckers of North African origin in Quebec City,17-Mar,17-Jul,404,Online,Names,,North African,French Canadian,Male,North African,French Canadian,Female,,,,,,,,,,,,,,100,0.12,100,0.25,102,0.157,102,0.333,,,,,,,,,,,,,,,,,"Page 52, Table 3",,Mathieu Roy,0.25,Mohamed Hassane,0.12,Fatima El Alaoui,0.157,,,,,,,,,,,,,,,,,,,,,,,,,,,,,,,,,,,,,,,,,,,,,,,,,,,,,,,,,,,,,,,,,,,,,,,,,,,,,
290,Decker 2015,"Criminal stigma, race, and ethnicity: The consequences of imprisonment for employment",Consensus,Yes,Phoenix AZ,Yes,Yes,Yes,Yes,No,High school; Some college,Decker 2015,"Criminal stigma, race, and ethnicity: The consequences of imprisonment for employment",Scott.Decker@asu.edu,Journal Article,United States,,,2011,2012,,,,,,,,,,,,,,,,,,,,,,,,,,,,,,,,,,,,,,,,,,,,,,,,,,,,,,,,,,,,,,,,,,,,,,,,,,,,,,,,,,,,,,,,,,,,,,,,,,,,,,,,,,,,,,,,,,,,,,,,,,,,,,,,,,,,
286,Deming 2016,The Value of Postsecondary Credentials in the Labor Market: An Experimental Study,Consensus,No,"Chicago, Los Angeles, Miami, New York City, San Francisco Bay Area",Yes,Yes,No,No,Yes,High school; Some college; College degree,Deming 2016,The Value of Postsecondary Credentials in the Labor Market: An Experimental Study,david_deming@gse.harvard.edu,Journal Article,United States,Study also randomizes race and gender.,Discrimination difference between for-profit and public higher education,14-Apr,14-Nov,10492,Online,Names,,Nonwhite,White,Female,Nonwhite,White,Male,,,,,,,,,,,,,,2680,0.09,2620,0.092,2728,0.077,2456,0.066,,,,,,,,,,,,,,,,,Table 3,,,,,,,,,,,,,,,,,,,,,,,,,,,,,,,,,,,,,,,,,,,,,,,,,,,,,,,,,,,,,,,,,,,,,,,,,,,,,,,,,,,,
277,Pedulla 2018,"How Race and Unemployment Shape Labor Market Opportunities: Additive, Amplified, or Muted Effects?",Consensus,No,"New York City, Atlanta, Chicago, Los Angeles, and Boston",Other: Yes,Yes,No,No,Yes,,Pedulla 2018,"How Race and Unemployment Shape Labor Market Opportunities: Additive, Amplified, or Muted Effects?",dpedulla@stanford.edu,Journal Article,United States,,Examine which aggregation pattern most accurately reflects how race and unemployment shape hiring decisions.,12-Nov,13-Jun,4822,Online,Names,,Black,White,Male,Black,White,Female,,,,,,,,,,,,,,1212,0.058,1198,0.064,1190,0.056,1222,0.085,,,,,,,,,,,,,,,,,Table 3B of Pedulla 2014 and text on page 88,,Jon Murphy,,Matthew Stevens,,Katherine Murphy,,Emily Stevens,,Darnell Washington,,Tyrone Jackson,,Kimore Washington,,Kenya Jackson,,,,,,,,,,,,,,,,,,,,,,,,,,,,,,,,,,,,,,,,,,,,,,,,,,,,,,,,,,,,,,,,,,,,
272,Rivera 2016,"Class Advantage, Commitment Penalty: The Gendered Effect of Social Class Signals in an Elite Labor Market",Consensus,Yes,"New York City, Washington D.C., Los Angeles, Atlanta, Boston, Chicago, Dallas, Hpuston, Miami, Philadelphia, Phoenix, San Diego, San Francisco, Seattle.",No,Yes,No,No,Yes,Graduate degree,Rivera 2016,"Class Advantage, Commitment Penalty: The Gendered Effect of Social Class Signals in an Elite Labor Market",l-rivera@kellogg.northwestern.edu,Journal Article,United States,,,14-Aug,14-Aug,316,Email,,,,,,,,,,,,,,,,,,,,,,,,,,,,,,,,,,,,,,,,,,,,,,,,,,,,,,,,,,,,,,,,,,,,,,,,,,,,,,,,,,,,,,,,,,,,,,,,,,,,,,,,,,,,,,,,,,,,,,,,,,,,,,,,,,
271,Kang 2016,Whitened Resumes: Race and Self-Presentation in the Labor Market,Consensus,Yes,"Boston, New York City, Chicago, Columbus, Minneapolis, Atlanta, Charlotte, Dallas, Houston, Nashville, Washington, Denver, Phoenix, Los Angeles, San Diego and San Francisco.",No,Yes,Yes,Yes,Yes,College degree,Kang 2016,Whitened Resumes: Race and Self-Presentation in the Labor Market,,Journal Article,United States,,,15-Jul,15-Sep,1600,Online,Names,,Black,,,,,,,,,,,,,,,,,,,,,,,,,,,,,,,,,,,,,,,,,,,,,,,,,,,,,,,,,,,,,,,,,,,,,,,,,,,,,,,,,,,,,,,,,,,,,,,,,,,,,,,,,,,,,,,,,,,,,,,,,,,,,,,
246,Gaddis 2015,Discrimination in the Credential Society: An Audit Study of Race and College Selectivity in the Labor Market,Consensus,Yes,"United States - Northeast, Southeast, West ",Yes,Yes,No,No,Yes,College degree,Gaddis 2015,Discrimination in the Credential Society: An Audit Study of Race and College Selectivity in the Labor Market,smg35@psu.edu,Journal Article,United States,,,11-Mar,,2016,,,,,,,Black,White,,,,,,,,,,,,,,,,,,,,,,,,,,,,,,,,,,,,,,,,,,,,,,,,,,,,,,,,,,,,,,,,,,,,,,,,,,,,,,,,,,,,,,,,,,,,,,,,,,,,,,,,,,,,,,,,,,,,,,,,,,,
237,Tilcsik 2011,Pride and Prejudice: Employment Discrimination against Openly Gay Men in the United States,Consensus,Yes,"New York, Pennsylvania, California, Nevada, Ohio, Florida and Texas.",Yes,No,No,No,Yes,College degree,Tilcsik 2011,Pride and Prejudice: EmploymentDiscrimination against Openly GayMen in the United States,tilcsik@fas.harvard.edu,Journal Article,United States,,,2005,2005,3538,,,,Gay,Not Gay,,,,,,,,,,,,,,,,,,1769,,1769,,,,,,,,,,,,,,,,,,,,,,,,,,,,,,,,,,,,,,,,,,,,,,,,,,,,,,,,,,,,,,,,,,,,,,,,,,,,,,,,,,,,,,,,,,,,,,,,,,,,,,,,,,
232,Hipes 2016,The stigma of mental illness in the labor market,Consensus,Yes,"San Francisco; Seattle; Washington, D.C.; New York City; Toronto; Boston; Denver; Chicago; Atlanta; Los Angeles; Portland; Dallas; Austin. Raleigh; San Diego; Miami; Houston; Philadelphia; Phoenix; Las Vegas; Montreal; San Antonio.",No,Yes,No,No,Yes,College degree,Hipes 2016,The stigma of mental illness in the labor market,chipes@umd.edu,Journal Article,United States,,,11-Jun,12-May,635,,,,,,,,,,,,,,,,,,,,,,,,,,,,,,,,,,,,,,,,,,,,,,,,,,,,,,,,,,,,,,,,,,,,,,,,,,,,,,,,,,,,,,,,,,,,,,,,,,,,,,,,,,,,,,,,,,,,,,,,,,,,,,,,,,,
228,,Does university prestige lead to discrimination in the labor market? Evidence from a labor market field experiment in three countries,Consensus,No,,Yes,Yes,No,No,Yes,College degree,Mihut 2021,Does university prestige lead to discrimination in the labor market? Evidence from a labor market field experiment in three countries. ,georgiana.g.mihut@gmail.com,Journal Article,"Other: United States, United Kingdom, and Australia",,Do employers prioritize university prestige above an applicant’s skills?,,,2400,Online,Attended institution; Skills.,,Low match,High match,United States,,,,,,,,,,,,,,,,,,0.028,,0.173,,,,,,,,,,,,,,,,,,,,,,,,,,,,,,,,,,,,,,,,,,,,,,,,,,,,,,,,,,,,,,,,,,,,,,,,,,,,,,,,,,,,,,,,,,,,,,,,,,,,,,,,,
224,Oreopoulos 2011,Do Large Employers Treat Racial Minorities More Fairly? An Analysis of Canadian Field Experiment Data,Consensus,Yes,Toronto and Montreal,Yes,Yes,No,Yes,Yes,College degree; Graduate degree,Oreopoulos 2011,Why Do Skilled Immigrants Struggle in the Labor Market A Field Experiment with Thirteen Thousand Resumes,philip.oreopoulos@utoronto.ca,Journal Article,Canada,,,,,,,,,,,,,,,,,,,,,,,,,,,,,,,,,,,,,,,,,,,,,,,,,,,,,,,,,,,,,,,,,,,,,,,,,,,,,,,,,,,,,,,,,,,,,,,,,,,,,,,,,,,,,,,,,,,,,,,,,,,,,,,,,,,,,,,,
222,Figinski 2019,The Effect of Potential Activations on the Employment of Military Reservists: Evidence from a Field Experiment,Consensus,Yes,"Atlanta, GA; Boston, MA; Charlotte, NC; Chicago, IL; Dallas, TX; Denver, CO; Jacksonville, FL; Minneapolis-St.  Paul, MN; Phoenix, AZ; Pittsburgh, PA; San Diego, CA; and Virginia Beach, VA.",Yes,Yes,No,No,Yes,High school; Some college,Figinski 2017/2019,THE EFFECT OF POTENTIAL ACTIVATIONS ON THE EMPLOYMENT OF MILITARY RESERVISTS: EVIDENCE FROM A FIELD EXPERIMENT,Theodore.Figiiski@treasury.gov,Journal Article,United States,,How the labor market protections provided to reservists and the potential labor market absences affect the employment outcomes of reservists.,12-Aug,13-Aug,7822,Online,"Résumés included a job entry that reflected a possible level of service in the Reserves, with one indicating current membership  and one indicating past membership.",,,,,,,,,,,,,,,,,,,,,3911,,3911,,,,,,,,,,,,,,,,,,,,,,,,,,,,,,,,,,,,,,,,,,,,,,,,,,,,,,,,,,,,,,,,,,,,,,,,,,,,,,,,,,,,,,,,,,,,,,,,,,,,,,,,,,
221,,Blacklist or Short List: Do Employers Discriminate against Union Supporter Job Applicants?,Consensus,No,Chicago,No,Yes,Yes,Yes,Yes,High school,Kreisberg 2021,BLACKLIST OR SHORT LIST: DO EMPLOYERS DISCRIMINATE AGAINST UNION SUPPORTER JOB APPLICANTS?,"wilmers@mit.edu, anna_kreisberg@brown.edu",Journal Article,United States,Data available at https:/osf.io/dqgm8/,Study whether employers discriminate against union supporter job applicants.,19-Oct,20-Oct,1025,Online,"Union affiliation signaled through assignment of union membership + statement of ""History of active union participation"".",,Union,Non-union,,,,,,,,,,,,,,,,,,511,0.151,514,0.152,,,,,,,,,,,,,,,,,,,,,Table 1,,Brian Hartman,,Steven Anderson,,,,,,,,,,,,,,,,,,,,,,,,,,,,,,,,,,,,,,,,,,,,,,,,,,,,,,,,,,,,,,,,,,,,,,,,,,,,,,,,
215,Gaulke 2019,The effect of post-baccalaureate business certificates on job search: Results from a correspondence study,Consensus,No,"New York, Los Angeles, Washington DC, and San Francisco.",Yes,Yes,No,No,Yes,College degree,Gaulke 2019,The effect of post-baccalaureate business certificates on job search: Results from a correspondence study. ,gaulke@ksu.edu,Journal Article,United States,"Last names were most likely to signal that the applicant was Caucasian to prevent any name-based employment discrimination from influencing the results.

Additional schooling in the form of a post-baccalaureate business certificate does not seem to be viewed in a meaning fully positive way by potential employers.",Whether post-baccalaureate business certificates improve the job callback rates of applicants,17-May,19-May,7040,Online,Assignment of post-baccalaureate certificate. ,,Women,Men,No Certificate,Women,Men,Certificate,,,,,,,,,,,,,,,0.134,,0.103,,0.121,,0.106,,,,,,,,,,,,,,,,,Table 2,,,,,,,,,,,,,,,,,,,,,,,,,,,,,,,,,,,,,,,,,,,,,,,,,,,,,,,,,,,,,,,,,,,,,,,,,,,,,,,,,,,,
204,Bertrand 2004,Are Emily and Greg more employable than Lakisha and Jamal? A field experiment on labor market discrimination,Consensus,No,"Boston, Chicago",Yes,Yes,No,No,Yes,High school; Some college; College degree,Bertrand 2004,Are Emily and Greg More Employable than Lakisha and Jamal? A Field Experiment on Labor Market Discrimination,arianne.bertrand@gsb.uchicago.edu,Journal Article,United States,,How does race impact labor market discrimination? ,1-Jul,January 2002 (Boston); May 2002 (Chicago),5000,,,,African American,White,Female in admin job,African American,White,Female in sales job,African American,White,Male,,,,,,,,,,,1359,0.0655,1358,0.1046,527,0.0683,502,0.0837,549,0.0583,575,0.0887,,,,,,,,,,,,,"Page 997, Table 1",,,,,,,,,,,,,,,,,,,,,,,,,,,,,,,,,,,,,,,,,,,,,,,,,,,,,,,,,,,,,,,,,,,,,,,,,,,,,,,,,,,,
201,Acquisti 2020,An Experiment in Hiring Discrimination via Online Social Networks,Consensus,Yes,"All US, see Figure A1",No,No,No,No,Yes,College degree; Graduate degree,Acquisti 2020,An Experiment in Hiring Discrimination via Online Social Networks,acquisti@andrew.cmu.edu,Journal Article,United States,,"Does information about ethnicity, gender, and sexuality posted on social media by job candidates influence the number of callbacks received?",Beginning of 2013,Summer 2013,,,,,,,,,,,,,,,,,,,,,,,,44,2.27,52,17.31,552,11.05,560,13.04,426,11.74,448,11.61,49,14.29,39,15.38,573,9.6,559,9.84,444,11.71,427,11.24,,,,,,,,,,,,,,,,,,,,,,,,,,,,,,,,,,,,,,,,,,,,,,,,,,,,,,,,,,,,,,,,,,,,,,,,,,,,,,,,,,,,,
195,Boyd-Swan 2019,Racial and Ethnic Discrimination in the Labor Market for Child Care Teachers,Consensus,Yes,"Atlanta, Boston, Chicago, Dallas, District of Columbia, Houston, Los Angeles, Minneapolis, New York City, Philadelphia, Phoenix, San Diego, San Francisco, and Seattle.",Yes,No,No,No,No,High school; Some college; College degree,Boyd-Swan 2019,Racial and Ethnic Discrimination in the Labor Market for Child Care Teachers,cboydswa@kent.edu,Journal Article,United States,,,16-May,17-Jan,10986,Online,Names,,,,,,,,,,,,,,,,,,,,,,,,,,,,,,,,,,,,,,,,,,,,,,,,,,,,,,,,,,,,,,,,,,,,,,,,,,,,,,,,,,,,,,,,,,,,,,,,,,,,,,,,,,,,,,,,,,,,,,,,,,,,,,,,,
192,Yemane 2020,"Cumulative disadvantage? The role of race compared to ethnicity, religion, and non-white phenotype in explaining hiring discrimination in the US labour market",Consensus,Yes,49 US states,No,Yes,Yes,Yes,Yes,,Yemane 2020,"Cumulative disadvantage? The role of race compared to ethnicity, religion, and non-white phenotype in explaining hiring discrimination in the U.S. labour market",ruta.yemane@wzb.eu,Journal Article,United States,,,16-Jun,17-Jun,2107,Online,,,,,,,,,,,,,,,,,,,,,,,,,,,,,,,,,,,,,,,,,,,,,,,,,,,,,,,,,,,,,,,,,,,,,,,,,,,,,,,,,,,,,,,,,,,,,,,,,,,,,,,,,,,,,,,,,,,,,,,,,,,,,,,,,,
178,,Field Experiments and Job Posting Sources: The Consequences of Job Database Selection for Estimates of Racial Discrimination,Consensus,No,"New York, Los Angeles, Chicago, Washington, Boston, Philadelphia, Seattle, Detroit, Dallas, Atlanta, Phoenix, Denver, Baltimore, Miami, Minneapolis, Portland, Las Vegas, Charlotte, Cincinnati, and St. Louis.",Yes,Yes,Yes,Yes,Yes,High school; College degree,Pedulla 2021,Field Experiments and Job Posting Sources: The Consequences of Job Database Selection for Estimates of Racial Discrimination,dpedulla@fas.harvard.edu,Journal Article,United States,"Two equal résumés were sent to two different job posting websites, not employers.",Does racial discrimination vary by the source of the job posting?,17-Oct,18-Sep,12324,Online,Names,,Black,White,,Women,Men,,Mother,Father,,,,,,,,,,,,6180,0.148,6144,0.162,6214,0.16,6110,0.15,1023,0.154,971,0.171,,,,,,,,,,,,,Table A1,,Ebony Banks,,Tyra Washington,,Terrell Booker,,Darnell Jackson,,Robert Andersen,,Seth McGrath,,Stephanie Walsh,,Allison Becker,,,,,,,,,,,,,,,,,,,,,,,,,,,,,,,,,,,,,,,,,,,,,,,,,,,,,,,,,,,,,,,,,,,,
172,Namingit 2021,Sick and tell: A field experiment analyzing the effects of an illness-related employment gap on the callback rate *,Consensus,No,"New York, NY; Los Angeles, CA; Chicago, IL; Houston, TX; Philadelphia, PA; Phoenix, AZ; San Antonio, TX; San Diego, CA; Dallas, TX; San Jose, CA; Jacksonville, FL; Indianapolis, IN; San Francisco, CA; Austin, TX; Columbus, OH.",Yes,Yes,No,No,Yes,High school,Namingit 2021,Sick and tell: A field experiment analyzing the effects of an illness-related employment gap on the callback rate,benschwab@ksu.edu,Journal Article,United States,,Analyze the effects of an illness-related employment gap on the callback rate.,16-Mar,16-Sep,3771,Online,Months since quitting last position; Illness-explanation for long time unemployed.,,Illness-explained gap,Newly unemployed,Male,Unexplained gap,Newly unemployed,Male,Illness-explained gap,Newly unemployed,Female,Unexplained gap,Newly unemployed,Female,,,,,,,,675,0.236,675,0.246,675,0.218,675,0.246,582,0.28,582,0.308,582,0.251,582,0.308,,,,,,,,,,,,,,,,,,,,,,,,,,,,,,,,,,,,,,,,,,,,,,,,,,,,,,,,,,,,,,,,,,,,,,,,,,,,,,,,,,,,,,,,,,,,,
168,Mobasseri 2019,"Race, Place, and Crime: How Violent Crime Events Affect Employment Discrimination(1)",Consensus,Yes,"Oakland, CA",Yes,Other: Yes,Yes,Yes,No,High school,Mobasseri 2019,"Race, Place, and Crime: How Violent Crime Events Affect Employment Discrimination",sanazm@bu.edu,Journal Article,United States,,,14-Aug,14-Dec,368,,,,,,,,,,,,,,,,,,,,,,,,,55,,66,,,,,,,,,,,,,,,,,,,,,,,,,,,,,,,,,,,,,,,,,,,,,,,,,,,,,,,,,,,,,,,,,,,,,,,,,,,,,,,,,,,,,,,,,,,,,,,,,,,,,,,,
154,Lambert 2020,Immigrant stereotypes and differential screening,Consensus,Yes,"Mountain View, Palo Alto, San Francisco, San Jose and Sunnyvale.",Yes,Yes,No,No,Yes,College degree,Lambert 2020,Immigrant stereotypes and differential screening,jlambertphd@gmail.com,Journal Article,United States,,,,,324,,,,,,,,,,,,,,,,,,,,,,,,,,,,,,,,,,,,,,,,,,,,,,,,,,,,,,,,,,,,,,,,,,,,,,,,,,,,,,,,,,,,,,,,,,,,,,,,,,,,,,,,,,,,,,,,,,,,,,,,,,,,,,,,,,,
149,Ishizuka 2021,The Motherhood Penalty in Context: Assessing Discrimination in a Polarized Labor Market,Consensus,No,"Boston, Chicago, Houston, Los Angeles, New York City, and Washington, D.C.",Yes,Yes,Yes,Yes,Yes,High school; College degree,Ishizuka 2021,The Motherhood Penalty in Context: Assessing Discrimination in a Polarized Labor Market,ISHIZUKA@WUSTL.EDU,Journal Article,United States,Restaurant and Blue collar jobs + High school degree for less-educated mothers; Office focus + College degree for college-educated mothers.,,16-Apr,17-Jul,2210,Online,,,Mothers,Childless Women,,,,,,,,,,,,,,,,,,1105,0.2,1105,0.25,,,,,,,,,,,,,,,,,,,,,,,,,,,,,,,,,,,,,,,,,,,,,,,,,,,,,,,,,,,,,,,,,,,,,,,,,,,,,,,,,,,,,,,,,,,,,,,,,,,,,,,,,
144,Darolia 2016,Race and gender effects on employer interest in job applicants: new evidence from a resume field experiment,Consensus,Yes,"Atlanta, Boston, Houston, Philadelphia, Chicago, Seattle, and Sacramento",No,Yes,No,No,Yes,High school; Some college; College degree,Darolia 2016,Race and gender effects on employer interest in job applicants: new evidence from a resume field experiment,daroliar@missouri.edu,Journal Article,United States,,,,,8914,,Names,,,,,,,,,,,,,,,,,,,,,,,,,,,,,,,,,,,,,,,,,,,,,,,,,,,,,,,,,,,,,,,,,,,,,,,,,,,,,,,,,,,,,,,,,,,,,,,,,,,,,,,,,,,,,,,,,,,,,,,,,,,,,,,,,
97,Neumark 2019,Is It Harder for Older Workers to Find Jobs? New and Improved Evidence from a Field Experiment,Consensus,Yes,"Sarasota, Miami, New York, Boston, Chicago, Houston, Los Angeles, Pittsburgh, Charlotte, Phoenix, Birmingham, Salt Lake City.",Yes,Yes,No,Yes,Yes,Some college; College degree,Neumark 2019a,Is It Harder for Older Workers to Find Jobs? New and Improved Evidence from a Field Experiment,,Journal Article,United States,,,15-Feb,15-May,40223,Online,Graduation year,,Old,Young,,,,,,,,,,,,,,,,,,,,,,,,,,,,,,,,,,,,,,,,,,,,,,,,,,,,,,,,,,,,,,,,,,,,,,,,,,,,,,,,,,,,,,,,,,,,,,,,,,,,,,,,,,,,,,,,,,,,,,,,,,,,,,
95,Yemane 2021,Latinos in the United States and in Spain: the impact of ethnic group stereotypes on labour market outcomes,Consensus,Yes,,No,Yes,Yes,No,Yes,High school; College degree,Yemane 2021,Latinos in the United States and in Spain: the impact of ethnic group stereotypes on labour market outcomes,ruta.yemane@wzb.eu,Journal Article,Other: United States and Spain,,,,,,Online,,,,,,,,,,,,,,,,,,,,,,,,,,,,,,,,,,,,,,,,,,,,,,,,,,,,,,,,,,,,,,,,,,,,,,,,,,,,,,,,,,,,,,,,,,,,,,,,,,,,,,,,,,,,,,,,,,,,,,,,,,,,,,,,,,
88,Neumark 2019,Do State Laws Protecting Older Workers from Discrimination Reduce Age Discrimination in Hiring? Evidence from a Field Experiment,Consensus,Yes,All 50 US states,Yes,Yes,No,Yes,No,College degree,Neumark 2019b,Do State Laws Protecting Older Workers from Discrimination Reduce Age Discrimination in Hiring? Evidence from a Field Experiment,dneumark@uci.edu,Journal Article,United States,,,,,14428,Online,,,Old,Young,,,,,,,,,,,,,,,,,,,,,,3592,,3592,,,,,,,,,,,,,,,,,,,,,,,,,,,,,,,,,,,,,,,,,,,,,,,,,,,,,,,,,,,,,,,,,,,,,,,,,,,,,,,,,,,,,,,,,,,,,,,,,,,,,,
76,Ameri 2018,THE DISABILITY EMPLOYMENT PUZZLE: A FIELD EXPERIMENT ON EMPLOYER HIRING BEHAVIOR,Consensus,Yes,"New Jersey, New York, Pennsylvania.",No,Yes,No,No,Yes,College degree,Ameri 2018,THE DISABILITY EMPLOYMENT PUZZLE: A FIELD EXPERIMENT ON EMPLOYER HIRING BEHAVIOR,kruse@smlr.rutgers.edu,Journal Article,United States,,,,,6016,,,,,No disability,,SCI,,,,No disability,,,,,,,,,,,,,,,,,,,,,,,,,,,,,,,,,,,,,,,,,,,,,,,,,,,,,,,,,,,,,,,,,,,,,,,,,,,,,,,,,,,,,,,,,,,,,,,,,,,,,,,,,,,,,,,,,,,,,,,,
66,Bailey 2013,"Are Gay Men and Lesbians Discriminated Against When Applying for Jobs? A Four-City, Internet-Based Field Experiment",Consensus,No,"Philadelphia, Chicago, Dallas, San Francisco",Yes,Yes,No,No,Yes,College degree,Bailey 2013,"Are Gay Men and Lesbians Discriminated Against When Applying for Jobs? A Four-City, Internet-Based Field Experiment",john.bailey@rutgers.edu,Journal Article,United States,,To examine potential hiring discrimination against gay men and lesbian women.,10-Mar,10-May,4608,Email,Resume - Volunteer experience,,Philly gay,Straight men,,Philly lesbian,Straight women,,Chicago gay,,,Chicago lesbian,,,Dallas Gay,,,Dallas lesbian,,,,192,0.151,1536,0.119,192,0.068,1536,0.124,192,0.224,,,192,0.146,,,192,0.115,,,192,0.135,,,Gay men SF (0.068/192) Lesbian women SF (0.146/192),,,,,,,,,,,,,,,,,,,,,,,,,,,,,,,,,,,,,,,,,,,,,,,,,,,,,,,,,,,,,,,,,,,,,,,,,,,,,,,,,,,,
52,Jacquemet 2012,Indiscriminate discrimination: A correspondence test for ethnic homophily in the Chicago labor market,Consensus,Yes,Chicago,Yes,No,No,No,Yes,College degree,Jacquemet 2012,Indiscriminate discrimination: A correspondence test for ethnic homophily in the Chicago labor market,Nicolas.Jacquemet@univ-paris1.fr,Journal Article,United States,"1) Only WHITE applicants/names assigned.

2) Also includes PINK-COLLAR jobs (nursing).",,,,,,,,,,,,,,,,,,,,,,,,,,,330,,330,,330,,330,,,,,,,,,,,,,,,,,,,,,,,,,,,,,,,,,,,,,,,,,,,,,,,,,,,,,,,,,,,,,,,,,,,,,,,,,,,,,,,,,,,,,,,,,,,,,,,,,,,,,,
28,Wright 2013,Religious affiliation and hiring discrimination in New England: A field experiment,Consensus,Yes,"Hartford, Connecticut",Yes,No,No,Yes,Yes,College degree,Wright 2013,Religious affiliation and hiring discrimination in New England: A field experiment,Bradley.wright@uconn.edu,Journal Article,United States,,,,,,Online,,,Atheist,,,Catholic,,,Evangelical,,,Jewish,,,Muslim,,,,,,,796,,796,,796,,796,,796,,796,,796,,796,,796,,796,,,,796,,,,,,,,,,,,,,,,,,,,,,,,,,,,,,,,,,,,,,,,,,,,,,,,,,,,,,,,,,,,,,,,,,,,,,,,,,,,,,,,,,,,,,
21,Widner 2011,It's All in the Name: Employment Discrimination Against Arab Americans,Consensus,Yes,"Seattle, Washington and Portland, Oregon",Yes,No,No,No,Yes,Some college; College degree,Widner 2011,It’s All in the Name: Employment Discrimination Against Arab Americans,widnerd@mailbox.sc.edu,Journal Article,United States,,,8-Feb,9-May,,Online,Names,,,,,,,,,,,,,,,,,,,,,265,,265,,,,,,,,,,,,,,,,,,,,,,,,,,,,,,,,,,,,,,,,,,,,,,,,,,,,,,,,,,,,,,,,,,,,,,,,,,,,,,,,,,,,,,,,,,,,,,,,,,,,,,,,,,
20,Button 2020,Employment discrimination against Indigenous Peoples in the United States: Evidence from a field experiment,Consensus,Yes,"Albuquerque, Anchorage, Billings, Chicago, Honolulu, Houston, Los Angeles, New York, Oklahoma City, Phoenix, and Sioux Falls.",Yes,No,Yes,Yes,No,High school,Button 2020,Employment discrimination against Indigenous Peoples in the United States: Evidence from a field experiment,"pbutton@tulane.edu, bwalker6@tulane.edu",Journal Article,United States,,"Measure discrimination in hiring faced by Indigenous Peoples in the United States (Native Americans, Alaska Natives, and Native Hawaiians).",17-Mar,17-Dec,13516,,"(1) volunteer experience, (2) language, (3) Native Hawaiian first name, (4) Navajo last name",,Native American,White,,Native Hawaiian,White,,Alaska Native,White,,,,,,,,,,,,5205,0.196,6758,0.198,1271,0.213,6758,0.198,282,0.255,6758,0.198,,,,,,,,,,,,,Table 5,,,,,,,,,,,,,,,,,,,,,,,,,,,,,,,,,,,,,,,,,,,,,,,,,,,,,,,,,,,,,,,,,,,,,,,,,,,,,,,,,,,,
18,Nunley 2015,Racial Discrimination in the Labor Market for Recent College Graduates: Evidence from a Field Experiment,Consensus,Yes,"Atlanta, GA, Baltimore, MD, Boston, MA, Dallas, TX, Los Angeles, CA, Minneapolis, MN, and Portland, OR",Yes,Yes,No,No,Yes,College degree,Nunley 2015,Racial Discrimination in the Labor Market for Recent College Graduates: Evidence from a Field Experiment,jnunley@uwlax.edu,Journal Article,United States,,"Measure the levels of racial discrimination in the labor
market for recent college graduates.",13-Jan,13-Jul,9400,Online,Names,,,,,,,,,,,,,,,,,,,,,,,,,,,,,,,,,,,,,,,,,,,,,,,,,,,,,,,,,,,,,,,,,,,,,,,,,,,,,,,,,,,,,,,,,,,,,,,,,,,,,,,,,,,,,,,,,,,,,,,,,,,,,,,,,